Wall time,Step,Value
1613604307.9351172,570,-0.9149035215377808
1613604363.8975804,1194,-1.0034244060516357
1613604391.052045,1500,-0.9292751550674438
1613604485.7679412,2748,-0.9534801244735718
1613604512.8641775,3054,-0.8133274912834167
1613604540.7907786,3246,-0.9259878396987915
1613604540.806735,3288,-0.8386564254760742
1613604555.1134968,3546,-0.9110719561576843
1613604568.798612,3594,-0.8131281137466431
1613604596.724382,3930,-0.9112666249275208
1613604638.224721,4398,-0.8596070408821106
1613604722.4916203,5442,-0.874534010887146
1613604867.9209192,7038,-0.8223817944526672
1613604896.7296004,7284,-0.8521655797958374
1613604896.745017,7326,-0.6812527775764465
1613604910.7618177,7560,-0.8306516408920288
1613605025.3523939,8832,-0.8364937901496887
1613605053.3981612,9024,-0.7853778004646301
1613605053.4110034,9042,-0.6619720458984375
1613605111.7197504,9756,-0.7516171932220459
1613605127.149506,9966,-0.7690125703811646
1613605183.7427416,10548,-0.5965337753295898
1613605311.86407,11886,-0.6770211458206177
1613605339.0873682,12318,-0.7542315721511841
1613605383.3416345,12798,-0.655620813369751
1613605383.3446312,12804,-0.8263198137283325
1613605467.8272574,13806,-0.7404893040657043
1613605620.3270893,15570,-0.6068627238273621
1613605706.3689737,16530,-0.7349697947502136
1613605721.2425003,16596,-0.7873659729957581
1613605748.6088693,16884,-0.4570198655128479
1613605883.8641407,18444,-0.6384515762329102
1613605883.8721192,18456,-0.47014063596725464
1613605896.6088002,18720,-0.5986951589584351
1613605922.184841,19086,-0.6151543259620667
1613605961.503974,19470,-0.6486851572990417
1613606014.4349778,20148,-0.4531732201576233
1613606156.1862197,21966,-0.4592476785182953
1613606196.605488,22368,-0.6032386422157288
1613606235.8432899,22824,-0.7302367091178894
1613606235.8961987,22926,-0.616315484046936
1613606315.1630049,23736,-0.40362900495529175
1613606354.5944748,24312,-0.4791526794433594
1613606435.1100132,25218,-0.4397943913936615
1613606503.1544788,26034,-0.3203343451023102
1613606598.2584372,27078,-0.3015286922454834
1613606598.286091,27162,-0.41810283064842224
1613606743.673695,28992,-0.3809230327606201
1613606816.3889909,29676,-0.12619724869728088
1613606830.311429,29904,-0.3454504609107971
1613606868.314496,30306,-0.3759377896785736
1613606945.4615614,31374,-0.18961703777313232
1613606958.831635,31458,-0.34467005729675293
1613607102.9784257,33234,-0.26006168127059937
1613607154.0100927,33858,-0.3117465078830719
1613607154.0377252,33930,-0.19523799419403076
1613607220.030383,34626,-0.394782692193985
1613607259.561934,35202,-0.3787872791290283
1613607335.539392,36144,-0.2256968915462494
1613607428.3151622,37284,-0.0766163244843483
1613607467.452494,37656,-0.02876364253461361
1613607467.464462,37674,-0.19957463443279266
1613607480.1298928,37926,-0.12017202377319336
1613607596.7657244,39360,-0.10025598108768463
1613607609.021137,39540,-0.14756837487220764
1613607713.1929114,40680,-0.16412439942359924
1613607753.6088536,41268,-0.14301075041294098
1613607766.969425,41484,0.05609513074159622
1613607832.4844017,42174,-0.20899352431297302
1613607884.138407,42858,-0.08661051094532013
1613607884.1633406,42918,-0.23314408957958221
1613607924.5160675,43380,-0.09330528974533081
1613608039.219824,44754,-0.04891003295779228
1613608065.0280516,45030,0.02473706565797329
1613608197.1903315,46662,-0.1789398193359375
1613608279.2289846,47718,-0.057226020842790604
1613608318.741209,48138,-0.07547168433666229
1613608318.7661426,48216,-0.0170571468770504
1613608388.435438,48840,0.14513155817985535
1613608626.3110013,51732,-0.15208443999290466
1613608666.2469852,52374,-0.04118429496884346
1613608706.9904907,52758,-0.0354948416352272
1613608719.8322742,52986,-0.2107313573360443
1613608760.3932106,53400,0.007876920513808727
1613608831.8469336,54276,-0.01611199975013733
1613608885.6172476,54882,-0.015114818699657917
1613608885.6240666,54900,-0.05010856315493584
1613608910.8293214,55200,-0.1177564263343811
1613608936.1178384,55464,0.030466074123978615
1613608961.8582342,55890,0.03256314992904663
1613609143.3451397,58020,0.009716319851577282
1613609156.609779,58194,-0.027384590357542038
1613609210.0402436,58782,-0.11659010499715805
1613609236.4293048,59160,-0.0401703342795372
1613609328.7737088,60198,0.06583083420991898
1613609328.7836833,60228,0.0725131630897522
1613609404.2993875,61176,0.018730541691184044
1613609455.2453198,61800,-0.10942038148641586
1613609690.0239444,64746,0.015065690502524376
1613609756.7504249,65532,0.058902762830257416
1613609770.8053346,65658,-0.03729598969221115
1613609968.2106402,68088,0.08208385854959488
1613609981.8473146,68364,-0.01196183543652296
1613609995.7559218,68472,-0.02110857143998146
1613610071.925245,69420,0.06419266760349274
1613610244.1682656,71466,0.03972731530666351
1613610271.4860244,71844,0.04763183370232582
1613610297.4746077,72042,0.06939872354269028
1613610336.952474,72600,0.00882089976221323
1613610414.357844,73554,0.032597608864307404
1613610427.4733024,73704,-0.09161017090082169
1613610469.8311396,74274,0.11724169552326202
1613610509.8676214,74742,0.05855502933263779
1613610759.178363,77730,-0.00896715559065342
1613610773.1172612,77904,-0.08991794288158417
1613610879.4660208,79188,-0.05811579152941704
1613611022.670103,80952,-0.009765347465872765
1613611117.0571024,81954,0.0561000220477581
1613611313.7260535,84402,-0.04987983778119087
1613611328.042799,84660,0.07049961388111115
1613611419.1498818,85692,0.1107943058013916
1613611431.7504802,85842,0.11711831390857697
1613611527.7431486,86940,0.0985637903213501
1613611527.7910233,87072,0.10405321419239044
1613611621.1235416,88074,-0.06568305194377899
1613611621.1537647,88158,-0.0032038420904427767
1613611991.4228873,92622,0.053312480449676514
1613612269.021935,95940,-0.08638983219861984
1613612297.461184,96198,0.09743312746286392
1613612444.4574652,98016,0.16803251206874847
1613612484.448253,98574,0.023923495784401894
1613612498.3709393,98628,0.14994293451309204
1613612528.039894,99024,0.15199950337409973
1613612638.8740616,100350,0.055839844048023224
1613612662.246877,100638,0.13877253234386444
1613612662.2767963,100692,0.053681813180446625
1613612702.0362372,101052,-0.00810376275330782
1613612739.9508047,101592,-0.0014700606698170304
1613612739.9820938,101640,0.06969255208969116
1613612779.3540664,101970,0.13158783316612244
1613612825.6949089,102576,0.12563297152519226
1613612862.3914094,103074,0.14897926151752472
1613612889.456911,103242,0.05381660535931587
1613612970.8021321,104256,0.04810892790555954
1613612970.8091185,104274,-0.008208440616726875
1613612998.6597066,104646,0.15361657738685608
1613613092.8692524,105774,0.05867019295692444
1613613118.7029097,106092,0.12616270780563354
1613613159.7526333,106524,0.08408777415752411
1613613203.1845524,106950,0.025439327582716942
1613613282.611801,107982,0.14774462580680847
1613613403.9988651,109614,0.12555372714996338
1613613580.7913275,111582,0.04641471058130264
1613613610.950338,112026,0.07086297869682312
1613613625.2896893,112164,0.0795033872127533
1613613682.6563594,112716,0.10281606018543243
1613613960.9622912,116040,0.035240184515714645
1613613960.9962006,116100,0.032829951494932175
1613613972.9479146,116334,0.09978614747524261
1613613984.6720428,116460,0.14746323227882385
1613614010.803812,116802,0.14835329353809357
1613614047.6912353,117156,0.10024718940258026
1613614073.7707503,117486,0.1977984607219696
1613614114.7372763,118068,0.014670917764306068
1613614162.6540105,118722,0.15257838368415833
1613614174.4893615,118758,0.11971962451934814
1613614174.5272613,118878,-0.04073045775294304
1613614274.0819058,120042,0.15087085962295532
1613614351.1818538,121104,0.09786911308765411
1613614401.0480106,121788,0.10921354591846466
1613614401.053993,121800,0.07429598271846771
1613614428.137972,121962,0.08260198682546616
1613614550.6656494,123468,0.08199261128902435
1613614590.505424,123960,0.04945217818021774
1613614590.5193884,124008,0.0012601949274539948
1613614673.9299679,124860,-0.0037285492289811373
1613614686.2060862,125028,0.1485496610403061
1613614819.1095219,126618,0.094297394156456
1613614844.0773125,127032,0.10643406212329865
1613614869.2691004,127320,0.06054159253835678
1613615048.2013776,129432,0.08203302323818207
1613615062.009439,129606,0.056896843016147614
1613615103.934317,129954,0.09214355051517487
1613615247.548693,131898,0.20071682333946228
1613615450.0169525,134346,0.03572564572095871
1613615450.0219402,134352,0.13343313336372375
1613615462.2566702,134508,0.11658122390508652
1613615592.6748364,136068,0.12972021102905273
1613615592.6967778,136140,0.12425102293491364
1613615592.705754,136170,0.04913840442895889
1613615648.3741875,136728,0.08437547087669373
1613615740.792802,137892,0.11987154185771942
1613615781.7027533,138384,0.10319697856903076
1613615795.6031904,138564,0.0990898609161377
1613615880.0655289,139494,0.045001499354839325
1613615917.1082668,139944,0.1079346314072609
1613616120.8308542,142560,0.15237899124622345
1613616161.3303196,143094,0.19918541610240936
1613616349.0667915,145212,0.13328218460083008
1613616362.8060672,145332,0.09175219386816025
1613616390.0494297,145668,0.15975096821784973
1613616442.3556478,146370,0.13482272624969482
1613616469.2727554,146682,0.07920753955841064
1613616546.993804,147738,0.16397491097450256
1613616560.0558825,147798,0.0854434072971344
1613616616.5137393,148416,0.09132196009159088
1613616703.7604666,149502,-0.11997797340154648
1613616770.98,150396,0.01770201325416565
1613616783.2402306,150522,0.09321518242359161
1613616837.5294151,151248,0.042553115636110306
1613616904.0677264,152010,0.05477907136082649
1613616969.3956833,152706,0.1321399062871933
1613617023.6836116,153432,0.12124607712030411
1613617063.7969658,153900,0.055111248046159744
1613617075.9120288,153948,0.0563744381070137
1613617354.841651,157392,0.133570596575737
1613617368.8146253,157584,0.20129604637622833
1613617474.2031364,158844,0.09887466579675674
1613617561.5279727,159756,0.15086758136749268
1613617586.5871217,160032,0.011921043507754803
1613617610.534374,160374,0.10564418137073517
1613617690.5353856,161400,-0.0006724164122715592
1613617792.4320698,162546,-0.07561113685369492
1613617833.5993514,163092,0.1853359043598175
1613617887.5525517,163650,0.08401910960674286
1613617927.2100852,164184,0.08430347591638565
1613617974.546248,164850,0.12332010269165039
1613617986.547161,164868,0.16156725585460663
1613618040.5964572,165528,0.03325494006276131
1613618094.5690656,166272,0.12759928405284882
1613618094.5730555,166284,0.13127931952476501
1613618135.1186104,166728,0.1423317939043045
1613618162.8528829,167082,0.13503381609916687
1613618176.8048744,167256,0.12168322503566742
1613618190.7475903,167394,0.1613042652606964
1613618341.17537,169044,0.18778805434703827
1613618341.2197495,169116,0.12751920521259308
1613618354.4889088,169200,0.061767853796482086
1613618354.5461588,169302,0.10337869822978973
1613618379.087565,169560,0.13120844960212708
1613618379.1105037,169632,0.1794639378786087
1613618390.893722,169752,0.15489184856414795
1613618402.881147,169938,0.16470885276794434
1613618452.868817,170550,0.18337902426719666
1613618491.447769,171084,0.04562942311167717
1613618585.5864768,172188,0.17346088588237762
1613618597.5435095,172278,0.11528406292200089
1613618649.5426238,173004,0.16322152316570282
1613618689.8123176,173352,0.1993192732334137
1613618758.0714269,174294,0.0871548131108284
1613618998.287156,177018,0.09278631210327148
1613618998.35298,177144,0.09574141353368759
1613619011.4012437,177252,0.12206492573022842
1613619052.9588218,177792,0.09942599385976791
1613619099.07194,178236,0.17112405598163605
1613619183.7234547,179232,0.11737565696239471
1613619224.5973823,179604,0.03125147894024849
1613619263.1382487,180132,0.0943913608789444
1613619275.3100102,180204,-0.017493899911642075
1613619302.7289462,180540,-0.006678489036858082
1613619377.6514492,181602,0.07599934190511703
1613619393.096025,181746,0.17938467860221863
1613619541.213987,183516,0.20674701035022736
1613619554.7680297,183666,0.0973971039056778
1613619595.7047818,184218,0.010950262658298016
1613619634.3111506,184620,-0.01958286389708519
1613619660.2527885,184896,0.10119219124317169
1613619782.385869,186378,0.1729525625705719
1613619890.5400586,187638,0.15032783150672913
1613619904.2050793,187812,0.1047486811876297
1613620023.9509509,189174,0.14970019459724426
1613620062.5443013,189750,0.15737247467041016
1613620191.3578763,191328,0.18271778523921967
1613620300.6024613,192552,0.13924652338027954
1613620300.640361,192648,0.11414017528295517
1613620422.9747963,193950,0.14535751938819885
1613620463.2504573,194574,0.04247993975877762
1613620528.8682728,195258,0.027923766523599625
1613620658.046396,196830,0.192561075091362
1613620808.3033,198882,0.12232227623462677
1613620822.034904,199020,0.09320609271526337
1613620848.058159,199260,0.1469634473323822
1613620884.9308877,199746,0.12980139255523682
1613620897.5272183,199902,0.13737475872039795
1613620897.5401838,199932,0.16363298892974854
1613620933.5966988,200472,0.10261891782283783
1613621050.7631605,201840,0.17930744588375092
1613621133.3374276,202872,0.16969361901283264
1613621194.2611337,203592,0.14200551807880402
1613621194.2991452,203688,0.15817323327064514
1613621194.3081222,203712,0.06736801564693451
1613621208.2508516,203880,0.056139715015888214
1613621222.1370056,203964,0.19671674072742462
1613621249.277627,204342,0.2174208164215088
1613621350.3281841,205566,0.12649782001972198
1613621421.8478792,206598,0.12660424411296844
1613621432.1999793,206730,0.09528399258852005
1613621452.958489,207084,0.17138686776161194
1613621538.8706548,208050,0.08367177844047546
1613621538.9274092,208146,0.00918803084641695
1613621778.6171746,211044,0.14279469847679138
1613621924.2754798,212616,0.16693679988384247
1613621937.9471178,212694,0.19550350308418274
1613622022.5100622,213762,0.2022240161895752
1613622142.6487534,215262,0.22532661259174347
1613622359.0064235,217968,0.2482447624206543
1613622395.8400307,218406,0.12608878314495087
1613622407.5834303,218568,0.03412172570824623
1613622430.317908,218934,0.062283169478178024
1613622440.4270358,219066,-0.022374844178557396
1613622440.436009,219090,0.0631575658917427
1613622462.811286,219402,0.2554094195365906
1613622534.546165,220338,0.09142996370792389
1613622568.9346902,220722,0.01631789281964302
1613622617.2401762,221358,-0.04953455179929733
1613622617.2651093,221400,0.11372415721416473
1613622631.0488117,221634,0.0277292188256979
1613622655.1658432,221886,0.03223613649606705
1613622765.8948963,223284,0.032957009971141815
1613622861.9034803,224448,0.0891546830534935
1613622930.483876,225174,0.1447337567806244
1613623060.723595,226932,0.2024616301059723
1613623074.6609755,226950,0.11515011638402939
1613623088.3425915,227238,0.17747080326080322
1613623150.5162964,227886,-0.05543491244316101
1613623199.2644074,228666,0.1275234967470169
1613623475.8542855,231954,0.18230120837688446
1613623475.9011574,232050,0.08922608196735382
1613623515.1669664,232428,0.020524419844150543
1613623554.487797,232848,0.05951119586825371
1613623854.243367,236562,0.07617255300283432
1613623878.5498319,236862,0.09045885503292084
1613623995.8968933,238278,0.1353844553232193
1613624010.0178385,238560,0.07120829075574875
1613624023.6235206,238716,0.06979446113109589
1613624036.8245447,238902,-0.025611143559217453
1613624063.547039,239070,0.128807932138443
1613624114.2252138,239772,0.11398239433765411
1613624142.5368845,240096,-0.018218740820884705
1613624157.6296864,240204,-0.008073315024375916
1613624196.9971774,240744,-0.13958218693733215
1613624235.9641883,241278,0.1426856517791748
1613624261.4597967,241488,-0.029982471838593483
1613624380.1980174,242970,0.002545589115470648
1613624513.5821443,244584,-0.004573941230773926
1613624679.3775716,246732,0.04758191108703613
1613624718.2172067,247110,0.13371148705482483
1613624768.6048656,247740,0.17355842888355255
1613624979.158661,250404,0.04634963721036911
1613625004.5991666,250638,0.03492588922381401
1613625041.798436,251100,0.05010475963354111
1613625041.8592756,251196,0.00759616494178772
1613625053.8679433,251346,0.06536950916051865
1613625081.3963654,251718,0.09468220174312592
1613625236.339574,253500,0.008285066112875938
1613625316.1896658,254448,0.009793201461434364
1613625385.7691891,255246,0.100645050406456
1613625437.9391031,256050,0.1073666587471962
1613625477.5107772,256512,0.08862446993589401
1613625504.024188,256776,0.05043932795524597
1613625724.927083,259362,0.02534160576760769
1613625724.9491482,259410,0.09842995554208755
1613625790.1177557,260136,0.08903028070926666
1613625815.4689777,260358,0.06982992589473724
1613625842.9775758,260688,0.07495880126953125
1613625907.4874437,261546,0.068573497235775
1613625935.0446167,261816,0.0542047917842865
1613625961.8125725,262116,0.033214129507541656
1613626017.532517,262932,0.024879690259695053
1613626095.924185,263772,0.00812408234924078
1613626192.9375918,264888,0.16508397459983826
1613626206.2968762,265056,0.056913215667009354
1613626273.1278584,265812,0.03324957937002182
1613626273.178721,265902,-0.022275134921073914
1613626416.540405,267720,0.13492095470428467
1613626522.0234213,268890,0.03143861144781113
1613626522.0443647,268932,0.020279740914702415
1613626522.054339,268956,0.11856629699468613
1613626522.0663064,268980,0.03161490708589554
1613626587.7097926,269664,0.12044179439544678
1613626601.4622743,269898,0.051035474985837936
1613626669.1227317,270732,0.03623716160655022
1613626682.8702648,270918,0.05187245458364487
1613626696.576001,270978,0.11805889755487442
1613626754.7551498,271554,0.11175291240215302
1613626938.1491542,273810,0.10227568447589874
1613626979.691599,274410,0.004981010686606169
1613627035.64542,275058,0.06907968968153
1613627062.5610664,275268,0.13218864798545837
1613627132.077082,276342,-0.05102214217185974
1613627186.6197615,276846,0.16544084250926971
1613627282.1480591,278088,0.13655726611614227
1613627282.1690023,278136,0.102217897772789
1613627361.6476169,278916,0.1548711359500885
1613627375.102991,279204,0.04778069257736206
1613627607.7005842,282054,0.02737528085708618
1613627673.4017768,282912,0.018378879874944687
1613627685.3212187,282966,0.07485181838274002
1613627725.0678039,283392,0.09498385339975357
1613627792.330936,284304,0.08091685175895691
1613627805.5646558,284472,0.10283651202917099
1613627890.9877546,285354,0.14765788614749908
1613628010.8034422,286866,-0.04526009038090706
1613628010.81541,286902,0.09080871194601059
1613628093.3709993,287784,-0.03422220051288605
1613628210.870005,289152,0.07267625629901886
1613628429.5486255,291846,0.0415407195687294
1613628495.3542397,292560,0.032702405005693436
1613628533.7708251,293160,0.07097340375185013
1613628576.156107,293574,0.10501505434513092
1613628601.616951,293976,0.08670862764120102
1613628615.2458935,294108,0.08270032703876495
1613628628.9965596,294174,0.1527438461780548
1613628739.0890517,295524,0.08167675882577896
1613628839.9957492,296670,-0.10970459133386612
1613628853.1230614,296922,-0.02459254302084446
1613628905.1045668,297516,0.19052156805992126
1613628984.0961735,298572,-0.04843822121620178
1613628994.9034786,298722,-0.02933705970644951
1613629207.540358,301266,0.06880573183298111
1613629207.5603049,301302,0.08854715526103973
1613629221.3312006,301398,0.1120576411485672
1613629262.9039884,301842,0.054864585399627686
1613629332.3565319,302754,0.09228755533695221
1613629596.8597972,305964,0.10392381250858307
1613629624.2996464,306396,0.09167693555355072
1613629651.9540532,306756,0.08062440156936646
1613629721.3501446,307572,0.0638865977525711
1613629762.960108,308052,0.12377121299505234
1613629832.0506887,308766,0.004628680646419525
1613630010.447826,311070,0.08323785662651062
1613630051.9107869,311454,0.14656652510166168
1613630168.9946125,312948,0.12442425638437271
1613630182.2512953,313104,0.09086146205663681
1613630319.0792203,314748,0.1911657750606537
1613630386.6668267,315486,0.10753844678401947
1613630466.3572252,316470,0.0026257310528308153
1613630519.8623264,317172,0.10229633748531342
1613630557.5056417,317496,0.15600629150867462
1613630557.5076349,317502,0.011706961318850517
1613630581.3578253,317940,0.06531064212322235
1613630641.3766057,318726,0.12570154666900635
1613630710.8912516,319698,0.09893689304590225
1613630765.4097571,320310,0.1296997219324112
1613630821.3906026,320844,0.1284155398607254
1613630875.2490969,321474,0.10643583536148071
1613630978.8172698,322938,0.07141391187906265
1613630990.675614,322962,0.1605827808380127
1613631062.8078883,323802,0.02342372015118599
1613631144.2318544,324822,0.07182088494300842
1613631291.2870543,326604,0.057444505393505096
1613631318.3214757,326820,0.013935980387032032
1613631385.0562577,327612,0.17584672570228577
1613631399.133542,327762,0.15789373219013214
1613631453.2745616,328356,0.10681144893169403
1613631465.238032,328578,0.07797450572252274
1613631491.2102373,328908,0.004177576396614313
1613631576.4434216,329904,0.07151880860328674
1613631646.7265732,330594,0.14823687076568604
1613631737.5111365,331866,0.0190447885543108
1613631884.0182545,333606,0.12586823105812073
1613631951.0742126,334290,0.1439002901315689
1613632014.0510452,335094,0.10732436180114746
1613632026.7442667,335232,0.12848949432373047
1613632041.1527507,335466,0.0587824285030365
1613632220.6707177,337566,0.06648928672075272
1613632233.6270852,337740,0.06946134567260742
1613632246.4005036,337938,0.03500380739569664
1613632564.995141,341670,0.09194405376911163
1613632565.0433805,341778,0.05666877701878548
1613632603.1393988,342264,-0.007290905807167292
1613632628.047897,342510,-0.04866109415888786
1613632665.9125068,342912,0.1334388256072998
1613632692.7492375,343314,0.12706393003463745
1613632840.116214,344994,0.11617062240839005
1613632854.1056843,345318,0.06476293504238129
1613632933.548925,346224,0.013591676950454712
1613632947.8148894,346278,-0.0432952418923378
1613633054.8026614,347640,0.18134769797325134
1613633068.496195,347736,0.07863323390483856
1613633134.8668084,348690,0.03532395139336586
1613633161.1791134,348966,0.0065239230170845985
1613633201.7850337,349344,0.09345773607492447
1613633243.6223652,349950,0.022172702476382256
1613633470.4430826,352692,-0.0850551500916481
1613633524.8397958,353268,-0.009347309358417988
1613633563.8827379,353628,0.09123221784830093
1613633670.1236017,354930,-0.03734193369746208
1613633695.9659462,355350,0.04757881909608841
1613633868.3704028,357492,0.041817642748355865
1613633917.2577424,358122,0.20728488266468048
1613633917.3175807,358278,0.15921786427497864
1613633969.586676,358848,0.11582417786121368
1613634034.121201,359610,0.08050696551799774
1613634059.0570204,359880,0.07027227431535721
1613634072.8776777,360156,0.20079104602336884
1613634086.3081641,360258,-0.07051229476928711
1613634101.7709749,360420,0.16243810951709747
1613634116.3503883,360540,0.07318007946014404
1613634219.0013328,361842,0.10465898364782333
1613634219.0063183,361854,0.12745480239391327
1613634259.5755634,362370,0.1598527878522873
1613634259.5845394,362388,0.18598806858062744
1613634327.9471722,363156,0.10222218185663223
1613634397.075456,363984,0.19552835822105408
1613634465.9158406,364722,0.16007252037525177
1613634521.3498933,365412,0.18611741065979004
1613634581.5854473,366270,-0.0422617569565773
1613634648.3791885,366948,0.1460847556591034
1613634828.966094,369324,0.1343865990638733
1613634841.426783,369324,0.0981903225183487
1613634854.2105925,369570,-0.11000698804855347
1613634877.5565355,369870,0.11691626161336899
1613634890.8769293,369972,0.03803568705916405
1613634994.2556424,371298,0.07384948432445526
1613634994.280577,371340,0.040998779237270355
1613635280.865812,374874,0.13622066378593445
1613635395.4669354,376206,0.08713550120592117
1613635517.163951,377706,0.07047562301158905
1613635517.2277799,377814,0.12511654198169708
1613635559.1620252,378198,0.052470993250608444
1613635692.3467612,380016,0.13838927447795868
1613635750.873184,380652,0.1392703354358673
1613635781.8079007,380850,0.07036076486110687
1613635821.7718701,381468,0.049071215093135834
1613635917.249879,382518,0.17363326251506805
1613635942.9512217,382764,0.17752285301685333
1613635995.733233,383496,0.16006387770175934
1613636022.1461866,383718,0.16062887012958527
1613636058.2299252,384324,0.2008572816848755
1613636112.8835146,384888,0.026680558919906616
1613636112.8986857,384930,0.018288563936948776
1613636241.31282,386352,0.1733437329530716
1613636302.189665,386982,0.10543952137231827
1613636379.1933947,388026,0.1628827601671219
1613636492.778889,389370,-0.01845378242433071
1613636528.622082,389868,0.06828969717025757
1613636617.5895376,391050,0.10126300156116486
1613636659.255901,391392,0.04008607193827629
1613636671.336763,391698,0.085834801197052
1613636880.4802682,394248,0.08795275539159775
1613636909.0634434,394590,-0.03470688313245773
1613636948.7579105,394956,0.07353845983743668
1613636948.7966354,395040,0.16820617020130157
1613636961.835167,395244,0.009162736125290394
1613636975.6118891,395406,0.10458364337682724
1613637104.8168027,396906,0.07522910088300705
1613637143.4921572,397464,-0.04791408032178879
1613637220.266251,398346,-0.01704903319478035
1613637311.8609903,399414,0.06265874207019806
1613637377.050911,400230,0.04506520554423332
1613637377.0957918,400368,-0.07459157705307007
1613637389.4896624,400536,0.04735875129699707
1613637403.246293,400530,0.044931601732969284
1613637430.3193839,400854,0.053512848913669586
1613637456.3204477,401178,0.09205789864063263
1613637548.8551927,402306,0.09712731838226318
1613637548.899072,402402,0.04851080849766731
1613637616.9563355,403104,0.12777367234230042
1613637630.481291,403230,0.08917777240276337
1613637642.976957,403422,0.07003956288099289
1613637727.335761,404508,0.09702755510807037
1613637812.3346598,405336,0.10422305762767792
1613637812.3967159,405450,-0.015213136561214924
1613637849.2408442,405966,0.0761658251285553
1613637959.57015,407262,0.09097277373075485
1613638000.727646,407844,-0.03134811669588089
1613638014.1677191,408018,0.06456170976161957
1613638209.3799129,410112,0.09179244190454483
1613638530.818617,414048,0.14739087224006653
1613638544.6723177,414216,0.09799854457378387
1613638582.3644319,414594,0.025092100724577904
1613638674.159132,415728,0.08564858138561249
1613638686.2790747,416010,0.11606309562921524
1613638757.0851564,416688,0.15520966053009033
1613638853.6246212,417924,0.030468400567770004
1613638956.5655591,419178,0.0670386254787445
1613639025.3261688,419982,0.08440621197223663
1613639137.7406867,421182,0.1013825535774231
1613639149.4628613,421338,0.09891366958618164
1613639230.6342435,422328,0.09027022123336792
1613639230.6805177,422418,0.06075743958353996
1613639307.5283291,423378,0.1261793076992035
1613639347.486182,423792,0.12753522396087646
1613639374.9060638,424056,0.15696024894714355
1613639401.8031404,424458,0.12046919763088226
1613639480.2813263,425478,0.17641499638557434
1613639492.7316852,425640,0.079594686627388
1613639516.1998959,425796,0.215201735496521
1613639539.6597996,426210,0.13708753883838654
1613639598.567803,426960,0.1336011439561844
1613639669.3202865,427896,0.20271186530590057
1613639681.286839,428046,0.17453186213970184
1613639692.1088693,428214,0.20180284976959229
1613639727.554578,428802,0.11882300674915314
1613639752.4230149,429114,0.08283291012048721
1613639861.073293,430278,0.1020951122045517
1613639861.1717737,430452,0.03803770989179611
1613640045.4632645,432630,0.07881216704845428
1613640121.9594316,433620,0.061531513929367065
1613640178.665605,434280,0.1591423898935318
1613640191.8750849,434322,0.07385028898715973
1613640205.4131598,434568,0.12164962291717529
1613640217.9385698,434694,0.13158747553825378
1613640283.7926035,435390,0.11558693647384644
1613640437.5906754,437316,0.08159486949443817
1613640451.5376654,437628,0.11355896294116974
1613640499.067036,438132,0.18486696481704712
1613640526.321901,438462,0.10780076682567596
1613640539.7783313,438696,0.19768036901950836
1613640607.0377347,439518,0.13240626454353333
1613640729.428307,441042,0.17179423570632935
1613640846.7181034,442578,0.12147653102874756
1613640945.6707678,443724,0.120721235871315
1613640999.7066216,444438,0.12280149757862091
1613641176.0128305,446676,0.12098278850317001
1613641215.791332,447090,0.10978852212429047
1613641215.8242438,447186,0.1725022792816162
1613641378.396117,449094,0.06616438925266266
1613641393.3859067,449160,-0.08417616039514542
1613641446.2013159,449814,0.119398333132267
1613641473.967756,450234,0.11082182079553604
1613641501.6199949,450546,0.10108573734760284
1613641581.7574618,451566,0.006817467510700226
1613641672.6293998,452616,0.1090654730796814
1613641934.9448242,455724,0.1674182116985321
1613641935.002665,455844,0.1872861087322235
1613642030.3282504,456852,0.061361175030469894
1613642096.1477644,457740,0.005159229040145874
1613642160.0502684,458478,0.1422736644744873
1613642160.1001334,458598,0.09731006622314453
1613642160.1075506,458616,0.15090477466583252
1613642186.8232803,458922,0.14514747262001038
1613642199.3164244,459030,0.10606013238430023
1613642199.3234086,459048,0.09703327715396881
1613642342.1079962,460848,0.07053504884243011
1613642355.9788146,460974,0.1030379980802536
1613642595.777765,464022,0.07138137519359589
1613642621.677932,464310,0.11777333170175552
1613642621.682873,464322,0.01670307293534279
1613642635.180046,464478,0.12803196907043457
1613642773.588487,465984,0.1014220267534256
1613642813.9806058,466470,0.1061115711927414
1613642908.2855954,467736,0.09340379387140274
1613643081.4119859,469866,0.1130765900015831
1613643270.3286724,472260,0.19974660873413086
1613643283.7867186,472494,0.1300266683101654
1613643336.582871,473040,0.15160593390464783
1613643452.3413928,474270,0.24733643233776093
1613643496.4421782,474816,0.1629108190536499
1613643564.6374683,475650,0.10217318683862686
1613643618.3576634,476286,0.10597416013479233
1613643666.2171302,476982,0.08589854091405869
1613643689.5508347,477252,0.08936142176389694
1613643701.7500985,477414,0.14335724711418152
1613643722.9956753,477774,0.025075936689972878
1613643871.0111885,479670,0.10637813806533813
1613643907.9858572,480108,0.021502947434782982
1613643921.65407,480216,0.12901455163955688
1613644056.0251765,481866,0.08031223714351654
1613644149.9843712,483048,0.08411537110805511
1613644176.1985948,483372,0.117120161652565
1613644340.564801,485466,0.043040573596954346
1613644415.0102217,486132,0.11765873432159424
1613644444.493518,486492,0.127956360578537
1613644471.8325984,486846,0.1449817270040512
1613644527.7795274,487440,0.138211190700531
1613644541.284325,487668,0.09667600691318512
1613644594.1264305,488358,0.07358326762914658
1613644619.8165176,488634,0.014937803149223328
1613644659.0218298,489072,0.12699586153030396
1613644686.2109153,489336,0.1233651414513588
1613644712.4756444,489750,0.08672132343053818
1613644763.2206764,490284,0.0521911084651947
1613644814.7720904,491070,0.09036609530448914
1613644856.345007,491412,0.07852113991975784
1613644937.1297166,492372,0.038877200335264206
1613644964.2128747,492732,0.10456397384405136
1613644979.052737,492990,0.13312332332134247
1613645205.297378,495642,0.09976761788129807
1613645391.116208,497898,0.044512078166007996
1613645431.1982098,498438,0.14003029465675354
1613645431.203197,498450,0.14360782504081726
1613645554.3528197,499782,0.07513819634914398
1613645711.8350272,501798,0.08915815502405167
1613645839.7776742,503202,0.06400956213474274
1613645854.9475756,503310,0.0561256930232048
1613645917.2508342,504120,0.12139614671468735
1613645957.8189354,504666,0.0932813435792923
1613645982.1353729,504954,0.011269396170973778
1613645982.1583133,505008,0.015672538429498672
1613646024.2196243,505338,0.18740543723106384
1613646050.185994,505728,0.22773060202598572
1613646091.2621944,506130,0.124018594622612
1613646116.510306,506538,-0.045511409640312195
1613646157.0819812,507048,0.08582186698913574
1613646170.7248049,507138,0.07720397412776947
1613646195.7244773,507528,0.09514022618532181
1613646221.6971958,507804,0.04513642191886902
1613646221.7236645,507870,0.06730873137712479
1613646400.460432,509970,0.0855630412697792
1613646400.527321,510090,0.08720602840185165
1613646562.2857287,511890,0.1409022957086563
1613646651.356018,512910,0.026556814089417458
1613646664.6012082,513066,0.044625915586948395
1613646692.0379522,513330,-0.02735898829996586
1613646720.2427492,513804,0.07363855093717575
1613646805.9639006,514752,0.07249945402145386
1613646806.045679,514938,0.08724432438611984
1613646829.9949007,515202,0.08869661390781403
1613646841.9893296,515382,0.1085621565580368
1613646854.0007205,515406,0.10341112315654755
1613646935.6886284,516384,0.01832156628370285
1613647040.1150134,517668,0.02913030982017517
1613647051.7442813,517962,0.03865129500627518
1613647235.9828005,520098,0.03881070762872696
1613647373.7076547,521748,0.011756581254303455
1613647398.6858134,522036,0.0617045983672142
1613647559.6196835,523872,0.14869429171085358
1613647601.251077,524400,0.10535353422164917
1613647601.2915306,524484,0.1173178181052208
1613647614.8911138,524562,0.08764039725065231
1613647627.5329378,524778,0.192250594496727
1613647639.6110551,524832,0.15528516471385956
1613647639.6529412,524922,0.13070714473724365
1613647639.683858,525000,0.08910038322210312
1613647662.7157977,525168,0.10301701724529266
1613647699.4795592,525708,0.13287359476089478
1613647711.8901799,525822,0.13615843653678894
1613647778.7757802,526692,0.11485878378152847
1613647849.1347501,527544,0.09701671451330185
1613647932.126522,528408,0.15844877064228058
1613647973.1548793,528864,0.053504787385463715
1613648000.7096634,529236,0.08029045909643173
1613648000.7485585,529320,0.10871072113513947
1613648173.7752652,531402,0.13403387367725372
1613648186.3179822,531714,0.10674655437469482
1613648240.9246788,532320,0.1609967201948166
1613648321.4955,533184,0.059787947684526443
1613648359.6391683,533688,0.0018070042133331299
1613648398.7132094,534210,0.13029588758945465
1613648525.313126,535896,0.07712294906377792
1613648805.6985798,539190,0.12457600980997086
1613648817.727401,539400,0.13227041065692902
1613648829.1764815,539562,0.14343902468681335
1613648900.810118,540474,0.16540981829166412
1613649057.0977256,542598,0.12106242030858994
1613649101.9929786,543288,0.13416248559951782
1613649240.5106885,545850,0.19274546205997467
1613649271.9616349,546588,0.19360198080539703
1613649271.9646268,546594,0.1049305647611618
1613649287.3080578,546876,0.24500679969787598
1613649333.3367584,547884,0.20727582275867462
1613649356.005171,548262,0.04166432470083237
1613649419.964194,549492,0.15749263763427734
1613649470.6741457,550680,0.17041634023189545
1613649494.98328,551322,0.09827267378568649
1613649502.583996,551484,0.11668882519006729
1613649524.5040917,551880,0.09977865219116211
1613649546.823488,552456,0.15107306838035583
1613649559.965652,552756,-0.0037949203979223967
1613649581.5209165,553308,0.16551485657691956
1613649588.9589612,553488,0.10835369676351547
1613649596.8190794,553572,0.059876371175050735
1613649619.3822489,554052,0.10589933395385742
1613649722.7813396,556344,0.1315959393978119
1613649738.033772,556530,0.06298211216926575
1613649753.4836571,556992,0.1294836699962616
1613649801.3997035,558102,0.24444858729839325
1613649833.9280093,558858,0.15397953987121582
1613649879.1017625,559800,0.19416245818138123
1613649885.1517107,559938,0.06929801404476166
1613650007.756514,562722,0.04880067706108093
1613650052.7078984,563694,0.23058438301086426
1613650060.1486967,563898,0.13637802004814148
1613650115.9075606,564864,0.16285745799541473
1613650208.6347864,566970,0.20281901955604553
1613650239.3127053,567690,0.2893741726875305
1613650272.3511841,568314,0.19140663743019104
1613650301.4807806,569070,0.23012390732765198
1613650350.3604107,570276,0.21549496054649353
1613650410.3790476,571830,0.15358281135559082
1613650448.0087388,572670,0.2952590882778168
1613650455.5522087,572688,0.12447134405374527
1613650540.2652855,574452,0.24282872676849365
1613650602.0854468,575856,0.023450564593076706
1613650618.7114224,576108,0.23173649609088898
1613650709.390258,577896,0.23860183358192444
1613650709.4206576,577968,0.09102872014045715
1613650772.9173563,579198,0.05568479374051094
1613650772.9353087,579240,0.14522746205329895
1613650804.0891595,579744,0.26398295164108276
1613650847.74961,580554,0.305155873298645
1613650873.2071853,580998,0.1999792754650116
1613650947.720972,582618,0.26287755370140076
1613650985.6165655,583488,0.2146202027797699
1613651001.1376262,583716,0.26660630106925964
1613651009.3356469,583914,0.12053461372852325
1613651017.43305,584082,0.2407158613204956
1613651024.1085286,584280,0.19650734961032867
1613651029.6941578,584484,0.009566965512931347
1613651049.7987342,585048,0.24474963545799255
1613651055.5693016,585252,0.12237735092639923
1613651061.8443577,585456,0.10624905675649643
1613651069.248342,585504,0.08138419687747955
1613651069.3021908,585606,0.15551479160785675
1613651105.272799,586128,0.21354460716247559
1613651105.3296468,586248,0.212005615234375
1613651113.275883,586422,-0.06153928115963936
1613651214.689231,588528,0.17228594422340393
1613651260.6531956,589476,0.17978772521018982
1613651282.401806,590076,0.20058485865592957
1613651330.7207615,591174,0.18903039395809174
1613651339.6006308,591312,0.2589326500892639
1613651438.3844674,593634,0.2748553454875946
1613651489.2180102,594918,0.25918740034103394
1613651494.8813875,595062,0.2508619725704193
1613651509.308441,595362,0.10429354757070541
1613651575.8142781,596868,0.1440974324941635
1613651610.7151196,597714,0.05243317410349846
1613651726.8805854,600258,0.1901978999376297
1613651726.9204805,600348,0.10345645993947983
1613651795.5660076,601806,0.1378345489501953
1613651914.9257576,604644,0.2806958556175232
1613651927.3943226,604938,0.040932364761829376
1613651986.23674,606318,0.0784766748547554
1613651986.2407289,606324,0.07956533133983612
1613652007.9892929,606894,0.16222544014453888
1613652015.8448563,607032,0.1995246708393097
1613652023.3077066,607176,0.1257757842540741
1613652030.9310057,607392,-0.0629068911075592
1613652061.709854,607962,0.13654731214046478
1613652131.0483253,609534,0.19804318249225616
1613652138.5977328,609756,0.10310456901788712
1613652146.0487332,609942,0.14707061648368835
1613652217.7263799,611406,0.14839346706867218
1613652223.376908,611556,0.13086211681365967
1613652296.7902367,612996,0.06636618822813034
1613652315.1945295,613488,0.08434291929006577
1613652323.53013,613530,0.1564590185880661
1613652345.3359094,614064,0.18233884871006012
1613652415.8042963,615720,0.030049186199903488
1613652527.0414774,618132,0.18422257900238037
1613652541.5376692,618420,0.1717950403690338
1613652547.5250692,618534,0.22888684272766113
1613652555.2692692,618696,0.16595306992530823
1613652662.567934,620874,0.2664209306240082
1613652674.4879668,621204,0.21105098724365234
1613652680.349798,621342,0.18506136536598206
1613652680.4076967,621474,0.24829280376434326
1613652751.971123,623028,0.024580759927630424
1613652786.10946,623910,0.14856907725334167
1613652790.200779,624174,0.1841944009065628
1613652790.2067633,624192,0.1602579653263092
1613652796.526501,624228,0.18665540218353271
1613652803.9795713,624456,0.207245871424675
1613652857.541193,625584,0.28774988651275635
1613652918.1069884,626808,0.24826295673847198
1613653177.172225,632580,0.23026390373706818
1613653217.3765938,633378,0.3683947026729584
1613653228.710618,633816,0.18398883938789368
1613653287.1451952,635046,0.2038293331861496
1613653299.5111682,635304,0.09131655842065811
1613653321.3854685,635862,-0.09165767580270767
1613653350.0274322,636528,0.2493036538362503
1613653394.0165057,637440,0.1574084758758545
1613653425.56488,638082,0.10769082605838776
1613653439.897392,638334,0.06389917433261871
1613653447.6862314,638556,0.18115714192390442
1613653476.729803,639084,0.07322970032691956
1613653476.755736,639126,0.20814523100852966
1613653483.1482058,639282,0.16244038939476013
1613653490.5005496,639444,0.20006756484508514
1613653506.6596892,639744,0.15491576492786407
1613653506.7195108,639852,0.05568329244852066
1613653558.7083871,640926,0.23193855583667755
1613653607.3148854,641886,0.3069082200527191
1613653631.7118063,642414,0.2331269234418869
1613653646.6762621,642720,0.11235074698925018
1613653689.8388743,643572,0.20020397007465363
1613653731.0481973,644628,0.0724073201417923
1613653797.108042,646104,0.2541479170322418
1613653812.0080922,646284,0.20056597888469696
1613653842.8064137,646944,0.2004775106906891
1613653858.3614273,647352,-0.0017439275979995728
1613653858.3893526,647412,0.09064516425132751
1613653864.597249,647448,0.20939746499061584
1613653864.6191924,647496,0.15816929936408997
1613653871.423527,647634,0.09433317184448242
1613653880.4843814,647892,0.20170047879219055
1613653895.5313454,648084,0.08379106223583221
1613653926.8964624,648720,0.23185059428215027
1613653965.468939,649470,0.05020568519830704
1613653984.3382323,649980,0.21899652481079102
1613654013.5648983,650712,-0.03801565244793892
1613654013.5748723,650730,0.05971255898475647
1613654038.1191123,651198,0.2812078595161438
1613654078.9836454,651942,0.23887571692466736
1613654170.393855,653880,0.2497369796037674
1613654177.3987355,654030,0.25502175092697144
1613654186.4327152,654186,0.21169888973236084
1613654226.3084342,654996,0.1893635094165802
1613654239.9823577,655290,0.05239039659500122
1613654245.6028466,655410,0.14426085352897644
1613654354.7067778,657810,0.28400668501853943
1613654354.7297153,657876,-0.0017513365019112825
1613654397.858657,658752,0.2112504541873932
1613654397.9224856,658890,0.17795221507549286
1613654404.5713606,659040,0.2459193766117096
1613654437.514272,659736,0.2413303107023239
1613654437.5491793,659820,0.18220393359661102
1613654575.1715446,662904,0.22281524538993835
1613654611.2064185,663732,0.26779645681381226
1613654661.4969604,664950,0.1350727528333664
1613654666.98776,665016,0.1338871270418167
1613654694.6438258,665694,0.30291229486465454
1613654725.0047445,666402,0.06415669620037079
1613654753.709242,666948,0.2998206615447998
1613654789.934649,667854,0.30341362953186035
1613654797.448072,668016,0.11543567478656769
1613654816.2971158,668352,0.1613645851612091
1613654876.0920293,669654,0.1987927109003067
1613654905.489793,670410,0.28116855025291443
1613654992.561462,672240,0.2670455574989319
1613654992.5983644,672318,0.4168638288974762
1613655015.850615,672732,0.15765750408172607
1613655047.0799973,673596,0.2754722535610199
1613655089.1155672,674508,0.29845303297042847
1613655095.0169435,674616,0.13272376358509064
1613655095.032516,674646,0.2997579276561737
1613655095.0923548,674766,0.05995377153158188
1613655126.8042889,675270,0.3373686969280243
1613655202.2579489,677016,0.14564095437526703
1613655274.0222745,678456,-0.17432299256324768
1613655344.4084125,679710,-0.021389365196228027
1613655421.8892906,681414,0.10476378351449966
1613655437.9443989,681774,0.11225690692663193
1613655455.9472802,682146,0.23184414207935333
1613655473.9793582,682674,0.24475428462028503
1613655518.045921,683718,-0.03352253884077072
1613655518.055895,683748,0.28505605459213257
1613655518.084368,683838,0.20181699097156525
1613655582.708431,685494,0.26970964670181274
1613655589.2558677,685656,0.12611083686351776
1613655643.6622937,686616,0.13477542996406555
1613655695.6438446,687768,0.457022488117218
1613655709.1972811,688206,0.09180326014757156
1613655716.2404778,688284,0.14299580454826355
1613655740.9437995,688806,0.13161252439022064
1613655756.3008883,689088,0.14485295116901398
1613655803.5089,690192,0.3052171766757965
1613655846.9372332,691140,0.24912376701831818
1613655918.9109676,692580,0.27527663111686707
1613655926.8665621,692718,0.262700617313385
1613655941.8972979,693168,0.15444333851337433
1613656034.3088145,695070,0.0514654740691185
1613656042.1262481,695172,0.203562930226326
1613656110.4862063,696666,0.34778890013694763
1613656147.8677917,697374,0.08007847517728806
1613656156.571271,697620,0.21412381529808044
1613656283.0498354,700230,0.11875178664922714
1613656291.2379758,700440,0.13973860442638397
1613656291.257924,700488,0.07471103966236115
1613656298.2991693,700590,0.03832860663533211
1613656298.3342278,700650,0.10420840978622437
1613656320.6378415,701010,0.2966098189353943
1613656328.7553134,701178,0.037194330245256424
1613656344.1184804,701640,0.29817691445350647
1613656351.6030807,701790,0.14640450477600098
1613656458.5122917,704112,-0.0036053061485290527
1613656499.0552225,705018,0.2626373767852783
1613656514.812532,705324,0.18287581205368042
1613656577.0823793,706464,0.06987377256155014
1613656577.1053185,706500,0.20278653502464294
1613656721.0583296,709530,0.4093327522277832
1613656721.0987947,709644,0.08243739604949951
1613656736.549882,709794,0.36968690156936646
1613656756.7757916,710280,0.327422559261322
1613656803.9699466,711246,0.29204314947128296
1613656804.0078452,711348,0.20436784625053406
1613656804.008843,711354,0.08404044061899185
1613656820.5379415,711642,-0.11869680881500244
1613656883.6012645,712830,0.2650091350078583
1613656891.8747542,713016,0.3524412512779236
1613656933.1282074,714138,0.6777877807617188
1613656967.9651246,714822,0.3421626687049866
1613657035.3637953,716298,0.4714429974555969
1613657070.6963644,717072,0.41542428731918335
1613657102.630088,717804,-0.04021283984184265
1613657122.7608476,718224,0.14433760941028595
1613657122.781793,718284,0.1927921175956726
1613657161.361226,718968,0.5126814842224121
1613657170.0227108,719208,0.2787143588066101
1613657177.942717,719328,0.4359811842441559
1613657206.1923578,719952,0.35426926612854004
1613657222.6814847,720312,0.45614147186279297
1613657259.9941192,721164,0.5122116208076477
1613657284.0072837,721482,0.4038715958595276
1613657291.8323681,721806,0.34709975123405457
1613657315.3156295,722298,0.18534180521965027
