Wall time,Step,Value;;;;;Durchschittlicher Reward in den letzten 50 Episoden:;;;
1612376003.621667,14,-2.0921618938446045;;;;;-1.929955363;;;
1612376004.2350292,16,-2.1548502445220947;;;;;;;;
1612376006.647579,24,-2.227482557296753;;;;;;;;
1612376007.2240422,26,-2.017437696456909;;;;;;;;
1612376008.3869298,30,-1.8228871822357178;;;;;;;;
1612376008.9284828,32,-2.1203665733337402;;;;;;;;
1612376009.5059714,34,-2.0658369064331055;;;;;;;;
1612376010.6788027,38,-1.8508243560791016;;;;;;;;
1612376011.2542646,40,-1.9092252254486084;;;;;;;;
1612376011.9005382,42,-1.923919439315796;;;;;;;;
1612376012.8350446,44,-1.8966636657714844;;;;;;;;
1612376015.6675107,52,-2.1931910514831543;;;;;;;;
1612376020.9543254,70,-2.003516435623169;;;;;;;;
1612376021.5367684,72,-1.9461171627044678;;;;;;;;
1612376022.981906,76,-1.7800215482711792;;;;;;;;
1612376024.8504772,82,-1.9763730764389038;;;;;;;;
1612376025.489768,84,-1.8271933794021606;;;;;;;;
1612376026.619167,88,-2.1919302940368652;;;;;;;;
1612376027.7793474,92,-2.206775188446045;;;;;;;;
1612376028.3677478,94,-2.046384334564209;;;;;;;;
1612376029.5306077,98,-1.8033921718597412;;;;;;;;
1612376030.6536422,102,-1.881960391998291;;;;;;;;
1612376031.2171004,104,-1.9678683280944824;;;;;;;;
1612376032.8906257,110,-1.9279015064239502;;;;;;;;
1612376033.4342043,112,-1.8457355499267578;;;;;;;;
1612376033.997667,114,-2.1883249282836914;;;;;;;;
1612376034.5571718,116,-1.752437710762024;;;;;;;;
1612376035.1216624,118,-2.1616501808166504;;;;;;;;
1612376036.7973247,124,-2.0899033546447754;;;;;;;;
1612376037.3488822,126,-1.8705344200134277;;;;;;;;
1612376038.492792,130,-1.9545458555221558;;;;;;;;
1612376039.6377244,134,-1.8813921213150024;;;;;;;;
1612376040.2244325,136,-1.7911860942840576;;;;;;;;
1612376040.791003,138,-1.7883410453796387;;;;;;;;
1612376041.369704,140,-1.8024142980575562;;;;;;;;
1612376043.2313676,146,-1.7855994701385498;;;;;;;;
1612376043.800157,148,-1.9087882041931152;;;;;;;;
1612376044.3561232,150,-2.0157198905944824;;;;;;;;
1612376044.9935045,152,-1.9325066804885864;;;;;;;;
1612376046.1148462,156,-1.8501489162445068;;;;;;;;
1612376047.7870646,162,-1.8755773305892944;;;;;;;;
1612376050.5542397,172,-2.0420501232147217;;;;;;;;
1612376051.1436515,174,-1.950286865234375;;;;;;;;
1612376051.7389784,176,-2.0242044925689697;;;;;;;;
1612376052.3318753,178,-1.86517333984375;;;;;;;;
1612376052.8953931,180,-1.796371579170227;;;;;;;;
1612376053.4429617,182,-2.0064423084259033;;;;;;;;
1612376056.386656,192,-2.06207013130188;;;;;;;;
1612376060.6095927,208,-2.048217535018921;;;;;;;;
1612376061.702642,213,-1.8631476163864136;;;;;;;;
1612376062.2752783,215,-2.0333218574523926;;;;;;;;
1612376065.9484806,229,-2.0372681617736816;;;;;;;;
1612376068.066945,235,-1.9961564540863037;;;;;;;;
1612376069.2306092,239,-1.8441290855407715;;;;;;;;
1612376069.8426456,241,-2.003146171569824;;;;;;;;
1612376070.4121213,243,-1.9471728801727295;;;;;;;;
1612376072.9208958,251,-1.8798327445983887;;;;;;;;
1612376073.5553498,253,-1.854602575302124;;;;;;;;
1612376074.1368854,255,-1.9104300737380981;;;;;;;;
1612376075.8944237,261,-1.7690489292144775;;;;;;;;
1612376076.4559553,263,-2.013288974761963;;;;;;;;
1612376078.1552038,269,-1.9287842512130737;;;;;;;;
1612376080.4477575,277,-1.8615056276321411;;;;;;;;
1612376081.6119828,281,-1.9459302425384521;;;;;;;;
1612376082.8020282,285,-1.8154587745666504;;;;;;;;
1612376083.4056668,287,-1.9122281074523926;;;;;;;;
1612376083.9922175,289,-1.8696012496948242;;;;;;;;
1612376084.5766597,291,-1.9326977729797363;;;;;;;;
1612376086.822779,299,-2.0308871269226074;;;;;;;;
1612376087.97031,303,-2.1140758991241455;;;;;;;;
1612376089.7166986,309,-1.9183435440063477;;;;;;;;
1612376090.301166,311,-1.9380383491516113;;;;;;;;
1612376090.8895638,313,-1.919111728668213;;;;;;;;
1612376092.1065452,317,-1.909224033355713;;;;;;;;
1612376092.6820014,319,-1.949737787246704;;;;;;;;
1612376093.2557702,321,-1.862046480178833;;;;;;;;
1612376094.968148,327,-1.7703038454055786;;;;;;;;
1612376096.0801952,331,-2.011798143386841;;;;;;;;
1612376096.6655147,333,-1.8844844102859497;;;;;;;;
1612376097.8509943,337,-2.0631868839263916;;;;;;;;
1612376098.4393485,339,-1.8978700637817383;;;;;;;;
1612376100.3210862,345,-1.9754548072814941;;;;;;;;
1612376103.2941399,355,-1.977785348892212;;;;;;;;
1612376103.853646,357,-1.844399333000183;;;;;;;;
1612376104.4281077,359,-1.8747386932373047;;;;;;;;
1612376105.6189246,363,-1.8966712951660156;;;;;;;;
1612376106.201368,365,-2.0733156204223633;;;;;;;;
1612376107.4679837,369,-1.798194169998169;;;;;;;;
1612376108.7711225,373,-2.215376615524292;;;;;;;;
1612376109.4203897,375,-1.8062472343444824;;;;;;;;
1612376110.022918,377,-1.9177401065826416;;;;;;;;
1612376110.634251,379,-1.906408429145813;;;;;;;;
1612376111.9736962,383,-1.8886759281158447;;;;;;;;
1612376112.5980365,385,-1.8886332511901855;;;;;;;;
1612376116.8167257,399,-2.034193992614746;;;;;;;;
1612376119.1552024,407,-1.8892226219177246;;;;;;;;
1612376121.5892708,415,-1.8868672847747803;;;;;;;;
1612376122.2052462,417,-1.8585712909698486;;;;;;;;
1612376122.8251638,419,-1.8682337999343872;;;;;;;;
1612376125.1885247,427,-1.8747062683105469;;;;;;;;
1612376126.963246,433,-1.8721873760223389;;;;;;;;
1612376128.7572732,439,-1.7827200889587402;;;;;;;;
1612376129.3293142,441,-1.9623563289642334;;;;;;;;
1612376131.05552,447,-1.7536840438842773;;;;;;;;
1612376131.6332743,449,-1.8836965560913086;;;;;;;;
1612376132.9084408,453,-1.9994890689849854;;;;;;;;
1612376133.5517387,455,-1.8513507843017578;;;;;;;;
1612376134.1102455,457,-1.8544182777404785;;;;;;;;
1612376135.2802882,461,-1.958388328552246;;;;;;;;
1612376135.8587883,463,-1.8874764442443848;;;;;;;;
1612376136.46073,465,-2.144047260284424;;;;;;;;
1612376137.057874,467,-1.8442778587341309;;;;;;;;
1612376137.6555536,469,-1.9123058319091797;;;;;;;;
1612376138.2768528,471,-2.1168880462646484;;;;;;;;
1612376140.0581498,477,-2.206050395965576;;;;;;;;
1612376141.8471947,483,-1.925100326538086;;;;;;;;
1612376144.739327,493,-1.9352939128875732;;;;;;;;
1612376145.9303668,497,-1.9005346298217773;;;;;;;;
1612376147.076101,501,-1.8833808898925781;;;;;;;;
1612376147.6668563,503,-1.8953790664672852;;;;;;;;
1612376150.5929139,513,-1.9715646505355835;;;;;;;;
1612376152.47035,519,-1.8889212608337402;;;;;;;;
1612376153.0802321,521,-1.907231330871582;;;;;;;;
1612376153.6457205,523,-1.896533489227295;;;;;;;;
1612376154.2166865,525,-1.9975008964538574;;;;;;;;
1612376155.3287137,529,-1.8983242511749268;;;;;;;;
1612376157.7168949,537,-2.161776542663574;;;;;;;;
1612376158.897738,541,-2.2554893493652344;;;;;;;;
1612376160.2056267,545,-2.0352540016174316;;;;;;;;
1612376161.84012,549,-1.9269230365753174;;;;;;;;
1612376164.999651,559,-2.0498812198638916;;;;;;;;
1612376166.1725192,563,-1.80759859085083;;;;;;;;
1612376168.6635246,571,-1.8768389225006104;;;;;;;;
1612376172.0939484,581,-1.9644784927368164;;;;;;;;
1612376173.6344879,585,-1.7900230884552002;;;;;;;;
1612376174.3745117,587,-1.853230357170105;;;;;;;;
1612376176.3638248,593,-1.9570868015289307;;;;;;;;
1612376177.6793306,597,-1.9488579034805298;;;;;;;;
1612376178.351536,599,-2.0174989700317383;;;;;;;;
1612376178.9963522,601,-1.8390588760375977;;;;;;;;
1612376180.3105814,605,-1.970603346824646;;;;;;;;
1612376180.9508715,607,-1.8142271041870117;;;;;;;;
1612376181.5934255,609,-1.9660766124725342;;;;;;;;
1612376184.0818982,617,-1.9044872522354126;;;;;;;;
1612376184.7256489,619,-1.962886095046997;;;;;;;;
1612376185.967138,623,-1.9541094303131104;;;;;;;;
1612376187.8524725,629,-2.015916109085083;;;;;;;;
1612376190.3511016,637,-1.8645906448364258;;;;;;;;
1612376190.9655452,639,-1.901833415031433;;;;;;;;
1612376191.580979,641,-1.9403772354125977;;;;;;;;
1612376192.2063644,643,-1.9979276657104492;;;;;;;;
1612376193.5529938,647,-1.9298640489578247;;;;;;;;
1612376195.4639509,653,-1.9202697277069092;;;;;;;;
1612376196.0968046,655,-2.013589859008789;;;;;;;;
1612376196.7438085,657,-1.8091070652008057;;;;;;;;
1612376198.4038339,663,-3.504456043243408;;;;;;;;
1612376199.0817814,665,-1.9051499366760254;;;;;;;;
1612376200.2189972,669,-1.991232991218567;;;;;;;;
1612376203.914783,681,-1.9758809804916382;;;;;;;;
1612376205.163337,685,-1.8911962509155273;;;;;;;;
1612376207.2478209,691,-1.9414150714874268;;;;;;;;
1612376207.947562,693,-1.801490068435669;;;;;;;;
1612376209.361864,697,-2.012279748916626;;;;;;;;
1612376210.0232534,699,-1.9447968006134033;;;;;;;;
1612376213.2054882,709,-1.9718259572982788;;;;;;;;
1612376213.8148217,711,-1.8290910720825195;;;;;;;;
1612376215.0266645,715,-2.0335867404937744;;;;;;;;
1612376216.2220855,719,-1.9447460174560547;;;;;;;;
1612376216.8253186,721,-2.0224380493164062;;;;;;;;
1612376217.437831,723,-2.0164501667022705;;;;;;;;
1612376219.265049,729,-2.037346363067627;;;;;;;;
1612376219.7568107,731,-2.0039377212524414;;;;;;;;
1612376221.5818818,737,-1.9770348072052002;;;;;;;;
1612376222.1779187,739,-1.8911380767822266;;;;;;;;
1612376223.5620637,743,-1.9162640571594238;;;;;;;;
1612376224.1938553,745,-1.8950831890106201;;;;;;;;
1612376225.5490818,749,-1.8561482429504395;;;;;;;;
1612376227.8593335,757,-1.9811792373657227;;;;;;;;
1612376228.5058355,759,-1.923182487487793;;;;;;;;
1612376229.1921544,761,-1.9124609231948853;;;;;;;;
1612376230.4147882,765,-2.0190646648406982;;;;;;;;
1612376231.07772,767,-1.8435630798339844;;;;;;;;
1612376233.0459383,773,-2.16642427444458;;;;;;;;
1612376233.716046,775,-1.8851361274719238;;;;;;;;
1612376234.3333344,777,-1.9649813175201416;;;;;;;;
1612376234.9379065,779,-1.930706262588501;;;;;;;;
1612376236.1722338,783,-2.1755895614624023;;;;;;;;
1612376236.8549056,785,-1.8784747123718262;;;;;;;;
1612376237.5420678,787,-1.968932032585144;;;;;;;;
1612376238.1334882,789,-1.9096837043762207;;;;;;;;
1612376244.211686,807,-2.015106439590454;;;;;;;;
1612376244.8341794,809,-2.015866279602051;;;;;;;;
1612376246.0879064,813,-1.9153642654418945;;;;;;;;
1612376248.003226,819,-1.9299674034118652;;;;;;;;
1612376252.339242,833,-1.8079273700714111;;;;;;;;
1612376253.00848,835,-1.945737600326538;;;;;;;;
1612376255.4148488,843,-1.9605580568313599;;;;;;;;
1612376256.0260694,845,-2.035304546356201;;;;;;;;
1612376256.6654377,847,-1.8782563209533691;;;;;;;;
1612376257.9592013,851,-1.8041343688964844;;;;;;;;
1612376259.200909,855,-1.907602071762085;;;;;;;;
1612376261.6881623,863,-2.020505905151367;;;;;;;;
1612376266.9981587,880,-1.9112486839294434;;;;;;;;
1612376267.4962935,882,-2.1740598678588867;;;;;;;;
1612376267.874284,884,-2.0312891006469727;;;;;;;;
1612376268.2054307,886,-1.064924716949463;;;;;;;;
1612376269.3092768,890,-1.0037856101989746;;;;;;;;
1612376269.8335605,892,-1.7446532249450684;;;;;;;;
1612376271.479392,898,-1.9709789752960205;;;;;;;;
1612376272.7552567,904,-1.5765845775604248;;;;;;;;
1612376276.304329,917,-1.9936473369598389;;;;;;;;
1612376276.9587567,919,-1.968579649925232;;;;;;;;
1612376277.6145837,921,-1.9334722757339478;;;;;;;;
1612376278.5297341,923,-2.0401651859283447;;;;;;;;
1612376279.851498,927,-1.9543814659118652;;;;;;;;
1612376280.5947301,929,-1.8344053030014038;;;;;;;;
1612376281.2320147,931,-1.8767201900482178;;;;;;;;
1612376282.2597187,935,-2.037484645843506;;;;;;;;
1612376282.9139626,937,-2.1538166999816895;;;;;;;;
1612376283.648016,939,-2.0281505584716797;;;;;;;;
1612376284.945055,943,-1.97981858253479;;;;;;;;
1612376286.1499135,947,-1.9994993209838867;;;;;;;;
1612376286.7388585,949,-1.8074510097503662;;;;;;;;
1612376289.4504108,957,-2.0171895027160645;;;;;;;;
1612376293.6971335,971,-2.0643131732940674;;;;;;;;
1612376295.4350605,977,-2.035898208618164;;;;;;;;
1612376296.0490174,979,-1.8319116830825806;;;;;;;;
1612376297.2573323,983,-1.9689815044403076;;;;;;;;
1612376298.3519964,987,-1.9114940166473389;;;;;;;;
1612376299.895121,993,-1.7870322465896606;;;;;;;;
1612376306.4991493,1015,-1.8571797609329224;;;;;;;;
1612376308.3359032,1021,-2.1534509658813477;;;;;;;;
1612376308.831576,1023,-1.8658509254455566;;;;;;;;
1612376309.510762,1025,-1.9427114725112915;;;;;;;;
1612376310.8103192,1029,-1.851351261138916;;;;;;;;
1612376312.0180175,1033,-2.0074563026428223;;;;;;;;
1612376312.6292005,1035,-2.017868757247925;;;;;;;;
1612376313.962963,1039,-2.124191999435425;;;;;;;;
1612376316.8312366,1049,-1.9461064338684082;;;;;;;;
1612376317.4316258,1051,-1.9965696334838867;;;;;;;;
1612376320.9197476,1063,-2.064694881439209;;;;;;;;
1612376321.9948556,1067,-1.9832820892333984;;;;;;;;
1612376322.5977137,1069,-1.9877064228057861;;;;;;;;
1612376323.1979458,1071,-1.9359941482543945;;;;;;;;
1612376323.6930923,1073,-1.9684531688690186;;;;;;;;
1612376324.3069782,1075,-1.5864920616149902;;;;;;;;
1612376324.807081,1077,-2.021001100540161;;;;;;;;
1612376325.2698839,1079,-1.7570276260375977;;;;;;;;
1612376325.9560275,1081,-1.637382984161377;;;;;;;;
1612376326.4464989,1083,-1.9547264575958252;;;;;;;;
1612376327.05762,1085,-2.043544292449951;;;;;;;;
1612376328.2696562,1089,-1.7896039485931396;;;;;;;;
1612376330.086815,1095,-1.8694214820861816;;;;;;;;
1612376330.5746756,1097,-1.9967703819274902;;;;;;;;
1612376331.0660381,1099,-1.9563608169555664;;;;;;;;
1612376332.1940227,1103,-1.9663922786712646;;;;;;;;
1612376334.2745903,1111,-1.8862756490707397;;;;;;;;
1612376335.2350254,1115,-1.9385325908660889;;;;;;;;
1612376335.887655,1119,-1.500503420829773;;;;;;;;
1612376337.7106447,1127,-1.9257808923721313;;;;;;;;
1612376338.1973636,1129,-1.832190752029419;;;;;;;;
1612376338.7029939,1131,-1.6455090045928955;;;;;;;;
1612376340.4343665,1135,-1.9985814094543457;;;;;;;;
1612376341.779658,1138,-1.9718985557556152;;;;;;;;
1612376343.022718,1142,-1.6561980247497559;;;;;;;;
1612376344.2958376,1146,-1.9065711498260498;;;;;;;;
1612376344.9162018,1148,-2.168574810028076;;;;;;;;
1612376346.580038,1154,-1.0848379135131836;;;;;;;;
1612376347.461725,1158,-1.945425271987915;;;;;;;;
1612376348.0259008,1160,-1.757276177406311;;;;;;;;
1612376348.5307612,1162,-2.024834632873535;;;;;;;;
1612376349.1410208,1164,-1.9187607765197754;;;;;;;;
1612376349.5404618,1166,-2.003618001937866;;;;;;;;
1612376350.0661445,1168,-1.2678933143615723;;;;;;;;
1612376351.6550086,1172,-2.01047420501709;;;;;;;;
1612376352.1551642,1174,-2.0227105617523193;;;;;;;;
1612376354.6640608,1184,-1.1116440296173096;;;;;;;;
1612376355.1342144,1186,-1.0679059028625488;;;;;;;;
1612376355.7148614,1189,-2.481513500213623;;;;;;;;
1612376356.3266938,1190,-2.4959065914154053;;;;;;;;
1612376356.8054278,1192,-1.1420055627822876;;;;;;;;
1612376358.0939693,1196,-2.4671945571899414;;;;;;;;
1612376358.6584623,1198,-2.54899001121521;;;;;;;;
1612376359.2447095,1200,-2.4390475749969482;;;;;;;;
1612376359.849679,1202,-2.4523298740386963;;;;;;;;
1612376360.4854605,1205,-2.496273994445801;;;;;;;;
1612376361.3694887,1208,-1.3797974586486816;;;;;;;;
1612376361.3694887,1209,-2.3997385501861572;;;;;;;;
1612376361.7669384,1211,-1.2452716827392578;;;;;;;;
1612376363.3972096,1217,-1.166332721710205;;;;;;;;
1612376364.923947,1223,-2.4273314476013184;;;;;;;;
1612376365.5514524,1225,-1.8661164045333862;;;;;;;;
1612376366.2837048,1228,-1.588932991027832;;;;;;;;
1612376366.8741276,1230,-1.771188735961914;;;;;;;;
1612376367.8278313,1234,-1.0762511491775513;;;;;;;;
1612376369.4101546,1242,-1.2044994831085205;;;;;;;;
1612376371.2223678,1250,-1.458777666091919;;;;;;;;
1612376374.8431475,1264,-1.9653096199035645;;;;;;;;
1612376375.5396554,1266,-1.9570497274398804;;;;;;;;
1612376376.8092782,1270,-1.995917797088623;;;;;;;;
1612376377.4914572,1272,-1.8309831619262695;;;;;;;;
1612376378.118869,1274,-1.737778663635254;;;;;;;;
1612376378.8251393,1276,-1.9543393850326538;;;;;;;;
1612376379.5751643,1278,-2.079740047454834;;;;;;;;
1612376380.3025756,1280,-1.8634040355682373;;;;;;;;
1612376381.664147,1284,-1.828432321548462;;;;;;;;
1612376382.2737505,1286,-1.977710485458374;;;;;;;;
1612376384.787759,1294,-1.8416757583618164;;;;;;;;
1612376385.4421349,1296,-1.963832139968872;;;;;;;;
1612376386.4212763,1300,-1.9276621341705322;;;;;;;;
1612376387.402651,1304,-1.9677351713180542;;;;;;;;
1612376388.9524906,1310,-1.670534610748291;;;;;;;;
1612376390.274866,1314,-1.8854796886444092;;;;;;;;
1612376390.983273,1316,-1.9686797857284546;;;;;;;;
1612376391.4581268,1318,-1.928383708000183;;;;;;;;
1612376392.716138,1324,-1.7702202796936035;;;;;;;;
1612376393.2261853,1326,-2.084510326385498;;;;;;;;
1612376393.5605297,1328,-2.0161428451538086;;;;;;;;
1612376393.8575451,1330,-1.632267713546753;;;;;;;;
1612376394.1816788,1332,-1.1138315200805664;;;;;;;;
1612376394.8819773,1336,-1.260483741760254;;;;;;;;
1612376395.2886944,1338,-1.453751802444458;;;;;;;;
1612376395.2886944,1339,-2.8002328872680664;;;;;;;;
1612376396.02956,1343,-1.0881506204605103;;;;;;;;
1612376396.4035747,1345,-1.0136053562164307;;;;;;;;
1612376396.790523,1347,-1.5561381578445435;;;;;;;;
1612376397.3115087,1349,-1.9956138134002686;;;;;;;;
1612376397.7349973,1351,-1.2972753047943115;;;;;;;;
1612376398.3762712,1353,-2.1051089763641357;;;;;;;;
1612376399.2639751,1357,-1.200312852859497;;;;;;;;
1612376399.7269948,1359,-2.003943920135498;;;;;;;;
1612376400.8219264,1365,-1.2449785470962524;;;;;;;;
1612376403.1309984,1373,-2.0557351112365723;;;;;;;;
1612376404.5540836,1379,-1.9130589962005615;;;;;;;;
1612376405.164452,1381,-1.3468341827392578;;;;;;;;
1612376405.6724086,1383,-1.9156618118286133;;;;;;;;
1612376406.5681288,1387,-3.2988617420196533;;;;;;;;
1612376406.887281,1389,-0.9814338684082031;;;;;;;;
1612376407.2243063,1391,-1.1247254610061646;;;;;;;;
1612376407.677846,1393,-1.2044353485107422;;;;;;;;
1612376408.8070123,1396,-2.400843381881714;;;;;;;;
1612376409.141553,1398,-1.1651474237442017;;;;;;;;
1612376409.1425595,1399,-2.4411516189575195;;;;;;;;
1612376411.2484112,1407,-0.9369028806686401;;;;;;;;
1612376413.8543994,1414,-1.1287950277328491;;;;;;;;
1612376413.8543994,1415,-2.5369226932525635;;;;;;;;
1612376414.971753,1418,-1.0240672826766968;;;;;;;;
1612376415.5756078,1420,-1.0328311920166016;;;;;;;;
1612376415.5756078,1421,-2.4645590782165527;;;;;;;;
1612376416.0804317,1422,-2.526688575744629;;;;;;;;
1612376416.772097,1424,-1.0726784467697144;;;;;;;;
1612376417.1127784,1426,-1.0850694179534912;;;;;;;;
1612376418.4898953,1430,-2.510040283203125;;;;;;;;
1612376419.0251591,1432,-0.9959059953689575;;;;;;;;
1612376421.4756298,1441,-2.5326178073883057;;;;;;;;
1612376422.7989395,1444,-1.1273024082183838;;;;;;;;
1612376422.7989395,1445,-2.4156901836395264;;;;;;;;
1612376423.275144,1446,-2.477569103240967;;;;;;;;
1612376423.852416,1448,-0.9724055528640747;;;;;;;;
1612376424.442044,1450,-2.51688814163208;;;;;;;;
1612376425.7132645,1456,-1.0660903453826904;;;;;;;;
1612376425.7132645,1457,-2.440945863723755;;;;;;;;
1612376427.145931,1463,-1.2260794639587402;;;;;;;;
1612376427.510212,1465,-1.2248735427856445;;;;;;;;
1612376428.0401776,1467,-1.2379313707351685;;;;;;;;
1612376429.4352896,1471,-1.0562124252319336;;;;;;;;
1612376430.3901966,1474,-1.1044461727142334;;;;;;;;
1612376430.748812,1477,-2.535670757293701;;;;;;;;
1612376431.056988,1479,-2.997877597808838;;;;;;;;
1612376431.926801,1483,-1.3412420749664307;;;;;;;;
1612376433.386576,1487,-2.4138829708099365;;;;;;;;
1612376433.8644898,1488,-2.449496269226074;;;;;;;;
1612376434.335595,1490,-1.0595033168792725;;;;;;;;
1612376435.5117884,1494,-1.070115566253662;;;;;;;;
1612376436.1058583,1496,-1.0708956718444824;;;;;;;;
1612376436.1058583,1497,-2.5146257877349854;;;;;;;;
1612376436.4797487,1499,-2.4843180179595947;;;;;;;;
1612376437.2151995,1501,-1.043687343597412;;;;;;;;
1612376437.531052,1502,-2.4308502674102783;;;;;;;;
1612376439.0214849,1511,-2.800408363342285;;;;;;;;
1612376440.3623905,1519,-1.45138680934906;;;;;;;;
1612376440.702514,1521,-1.0020778179168701;;;;;;;;
1612376441.6250157,1525,-1.121107816696167;;;;;;;;
1612376442.5347881,1529,-1.293755292892456;;;;;;;;
1612376443.6059258,1533,-1.0794281959533691;;;;;;;;
1612376444.0387335,1534,-2.458543300628662;;;;;;;;
1612376444.3589077,1536,-1.021571159362793;;;;;;;;
1612376444.3589077,1537,-2.4466047286987305;;;;;;;;
1612376444.7817495,1539,-1.0997774600982666;;;;;;;;
1612376445.0829675,1541,-1.0617256164550781;;;;;;;;
1612376445.8719974,1545,-1.2673962116241455;;;;;;;;
1612376446.6608884,1549,-1.0369768142700195;;;;;;;;
1612376447.5774333,1553,-1.4926013946533203;;;;;;;;
1612376448.8149152,1558,-1.2407432794570923;;;;;;;;
1612376449.587849,1562,-1.1531012058258057;;;;;;;;
1612376449.8925247,1564,-1.3372383117675781;;;;;;;;
1612376450.3941348,1566,-2.8674495220184326;;;;;;;;
1612376451.8023987,1573,-0.9968705177307129;;;;;;;;
1612376452.643036,1577,-1.157524824142456;;;;;;;;
1612376453.3511524,1579,-1.021072268486023;;;;;;;;
1612376453.9256814,1581,-2.444845676422119;;;;;;;;
1612376455.09781,1586,-1.0805151462554932;;;;;;;;
1612376455.9385607,1590,-1.057918906211853;;;;;;;;
1612376456.269711,1592,-1.0415890216827393;;;;;;;;
1612376456.269711,1593,-2.5280115604400635;;;;;;;;
1612376457.6360252,1598,-1.2055230140686035;;;;;;;;
1612376458.2803187,1603,-1.0611873865127563;;;;;;;;
1612376458.825869,1605,-1.11468505859375;;;;;;;;
1612376459.6203268,1609,-1.5667223930358887;;;;;;;;
1612376460.3035018,1613,-1.1391520500183105;;;;;;;;
1612376461.057486,1617,-1.2162810564041138;;;;;;;;
1612376463.5155685,1627,-2.0600149631500244;;;;;;;;
1612376464.5019636,1631,-1.7832252979278564;;;;;;;;
1612376464.9368339,1633,-1.268815040588379;;;;;;;;
1612376465.585085,1635,-0.9402908086776733;;;;;;;;
1612376465.8902528,1636,-2.4478697776794434;;;;;;;;
1612376467.0818675,1642,-1.1556364297866821;;;;;;;;
1612376469.342387,1654,-1.438241958618164;;;;;;;;
1612376469.9437811,1658,-1.118638515472412;;;;;;;;
1612376470.3766544,1660,-3.045442581176758;;;;;;;;
1612376470.7207158,1662,-1.2139570713043213;;;;;;;;
1612376471.1495562,1664,-1.069196105003357;;;;;;;;
1612376471.5823998,1666,-1.1033679246902466;;;;;;;;
1612376473.0409946,1674,-1.6249184608459473;;;;;;;;
1612376473.415991,1677,-2.410733699798584;;;;;;;;
1612376473.7473996,1679,-1.0994324684143066;;;;;;;;
1612376475.0147417,1685,-1.5551693439483643;;;;;;;;
1612376475.305963,1687,-1.4527148008346558;;;;;;;;
1612376475.615137,1689,-1.7281885147094727;;;;;;;;
1612376476.2327163,1691,-1.9316736459732056;;;;;;;;
1612376476.8727949,1693,-2.039947509765625;;;;;;;;
1612376477.9074793,1697,-1.6665188074111938;;;;;;;;
1612376478.5460658,1699,-1.8747940063476562;;;;;;;;
1612376479.1882436,1701,-2.0063908100128174;;;;;;;;
1612376479.706133,1703,-1.9622642993927002;;;;;;;;
1612376480.9118092,1706,-2.416995048522949;;;;;;;;
1612376482.8001437,1712,-2.0151984691619873;;;;;;;;
1612376484.0912828,1716,-1.9675095081329346;;;;;;;;
1612376484.6837003,1718,-1.888660192489624;;;;;;;;
1612376485.923388,1722,-1.8573037385940552;;;;;;;;
1612376486.55589,1724,-1.807011365890503;;;;;;;;
1612376488.6343462,1730,-1.9678914546966553;;;;;;;;
1612376489.4372027,1732,-1.7650597095489502;;;;;;;;
1612376490.9252212,1736,-1.8418337106704712;;;;;;;;
1612376491.6054192,1738,-2.1065096855163574;;;;;;;;
1612376496.3632238,1752,-1.8370084762573242;;;;;;;;
1612376496.9184115,1754,-1.9802298545837402;;;;;;;;
1612376497.4898999,1756,-1.963346004486084;;;;;;;;
1612376498.0663342,1758,-1.9324908256530762;;;;;;;;
1612376498.6408217,1760,-1.9064433574676514;;;;;;;;
1612376499.20529,1762,-1.764339804649353;;;;;;;;
1612376499.7937462,1764,-1.7568416595458984;;;;;;;;
1612376500.9426458,1768,-2.2593319416046143;;;;;;;;
1612376501.5181084,1770,-1.9375470876693726;;;;;;;;
1612376502.082599,1772,-1.8798105716705322;;;;;;;;
1612376503.8574295,1778,-2.2201285362243652;;;;;;;;
1612376504.4109485,1780,-1.8387649059295654;;;;;;;;
1612376504.9594812,1782,-2.234039306640625;;;;;;;;
1612376505.5240228,1784,-2.0049734115600586;;;;;;;;
1612376506.6277015,1788,-1.992607593536377;;;;;;;;
1612376510.0957937,1800,-1.9869916439056396;;;;;;;;
1612376510.665276,1802,-2.0505199432373047;;;;;;;;
1612376511.2157965,1804,-1.9486277103424072;;;;;;;;
1612376512.4056146,1808,-1.9394581317901611;;;;;;;;
1612376514.6386218,1816,-1.8442951440811157;;;;;;;;
1612376516.3012097,1822,-1.863917350769043;;;;;;;;
1612376518.0180829,1828,-1.7820760011672974;;;;;;;;
1612376520.338898,1836,-1.9217138290405273;;;;;;;;
1612376522.0343654,1842,-2.0678510665893555;;;;;;;;
1612376522.5958648,1844,-1.830560326576233;;;;;;;;
1612376523.2770414,1846,-1.963489055633545;;;;;;;;
1612376524.7206767,1850,-1.7658376693725586;;;;;;;;
1612376525.2923317,1852,-1.905960202217102;;;;;;;;
1612376525.8886437,1854,-1.846529245376587;;;;;;;;
1612376527.6399598,1860,-2.19390869140625;;;;;;;;
1612376528.2103539,1862,-1.986217737197876;;;;;;;;
1612376529.355297,1866,-1.8457820415496826;;;;;;;;
1612376530.4962158,1870,-1.855781078338623;;;;;;;;
1612376531.073668,1872,-1.7700895071029663;;;;;;;;
1612376532.2036474,1876,-1.8839373588562012;;;;;;;;
1612376533.4234178,1880,-1.914198637008667;;;;;;;;
1612376533.9970214,1882,-2.0109286308288574;;;;;;;;
1612376535.1200516,1886,-1.8164453506469727;;;;;;;;
1612376536.253992,1890,-1.7994599342346191;;;;;;;;
1612376536.816512,1892,-1.8223304748535156;;;;;;;;
1612376537.379149,1894,-1.8255436420440674;;;;;;;;
1612376537.9390574,1896,-1.9622724056243896;;;;;;;;
1612376539.631572,1902,-1.9123740196228027;;;;;;;;
1612376540.187419,1904,-1.9014296531677246;;;;;;;;
1612376540.7409394,1906,-1.792020559310913;;;;;;;;
1612376542.387538,1912,-1.8248717784881592;;;;;;;;
1612376542.9380693,1914,-1.8141547441482544;;;;;;;;
1612376547.3662302,1930,-1.8749523162841797;;;;;;;;
1612376549.0338154,1936,-1.8553330898284912;;;;;;;;
1612376549.5943096,1938,-1.9631099700927734;;;;;;;;
1612376550.709329,1942,-1.9263277053833008;;;;;;;;
1612376551.8237634,1946,-1.9091036319732666;;;;;;;;
1612376552.36633,1948,-1.7882850170135498;;;;;;;;
1612376554.2044141,1954,-1.9728057384490967;;;;;;;;
1612376554.8407168,1956,-1.8846795558929443;;;;;;;;
1612376555.9577138,1960,-1.956291675567627;;;;;;;;
1612376556.5101845,1962,-1.9016203880310059;;;;;;;;
1612376557.0736778,1964,-1.8178997039794922;;;;;;;;
1612376557.6321902,1966,-1.9064228534698486;;;;;;;;
1612376559.3266606,1972,-1.907476782798767;;;;;;;;
1612376563.7847378,1988,-2.030125856399536;;;;;;;;
1612376564.3322742,1990,-1.9531402587890625;;;;;;;;
1612376564.8947723,1992,-1.93450927734375;;;;;;;;
1612376566.0247822,1996,-2.109633207321167;;;;;;;;
1612376567.2126014,2000,-1.784652829170227;;;;;;;;
1612376567.7681234,2002,-2.005091428756714;;;;;;;;
1612376568.3285925,2004,-1.9270906448364258;;;;;;;;
1612376569.429676,2008,-1.851239562034607;;;;;;;;
1612376570.6085315,2012,-1.948077917098999;;;;;;;;
1612376571.1730552,2014,-1.9379997253417969;;;;;;;;
1612376571.7335505,2016,-1.989325761795044;;;;;;;;
1612376573.4210844,2022,-1.825382113456726;;;;;;;;
1612376573.977567,2024,-2.2898364067077637;;;;;;;;
1612376574.530105,2026,-1.9699146747589111;;;;;;;;
1612376577.3773093,2036,-1.9571354389190674;;;;;;;;
1612376578.5209217,2040,-1.9577624797821045;;;;;;;;
1612376579.1572225,2042,-1.9931808710098267;;;;;;;;
1612376580.2832115,2046,-2.0446839332580566;;;;;;;;
1612376580.8526893,2048,-1.9146721363067627;;;;;;;;
1612376582.065448,2052,-1.8670170307159424;;;;;;;;
1612376585.530187,2064,-2.255075693130493;;;;;;;;
1612376586.1096392,2066,-1.9186434745788574;;;;;;;;
1612376587.3064394,2070,-1.9144997596740723;;;;;;;;
1612376588.591008,2074,-2.2837283611297607;;;;;;;;
1612376591.145536,2082,-1.977475643157959;;;;;;;;
1612376592.2765224,2086,-1.8976304531097412;;;;;;;;
1612376593.6129448,2090,-2.013359546661377;;;;;;;;
1612376594.860656,2094,-1.9771032333374023;;;;;;;;
1612376595.9736826,2098,-1.9214563369750977;;;;;;;;
1612376597.1914613,2102,-2.1933140754699707;;;;;;;;
1612376597.8394969,2104,-1.9928481578826904;;;;;;;;
1612376598.4957554,2106,-1.974471092224121;;;;;;;;
1612376599.1330717,2108,-1.884613275527954;;;;;;;;
1612376599.7783167,2110,-1.9948070049285889;;;;;;;;
1612376602.639668,2118,-1.8738325834274292;;;;;;;;
1612376604.088793,2122,-1.9198520183563232;;;;;;;;
1612376604.6433122,2124,-1.7952405214309692;;;;;;;;
1612376608.0327752,2136,-1.922515869140625;;;;;;;;
1612376609.1298413,2140,-1.832947015762329;;;;;;;;
1612376610.240872,2144,-1.8022452592849731;;;;;;;;
1612376610.7973852,2146,-2.1311066150665283;;;;;;;;
1612376611.3459194,2148,-1.9547605514526367;;;;;;;;
1612376614.875498,2160,-1.817211389541626;;;;;;;;
1612376616.724565,2166,-1.9518532752990723;;;;;;;;
1612376618.2554486,2170,-1.8190125226974487;;;;;;;;
1612376620.1763146,2176,-2.0293030738830566;;;;;;;;
1612376622.0443552,2182,-1.9453473091125488;;;;;;;;
1612376622.6337464,2184,-1.969071626663208;;;;;;;;
1612376623.8245645,2188,-1.861577033996582;;;;;;;;
1612376624.4179778,2190,-1.8617308139801025;;;;;;;;
1612376624.9904468,2192,-1.7822339534759521;;;;;;;;
1612376625.581877,2194,-1.9511528015136719;;;;;;;;
1612376626.8255765,2198,-1.7850285768508911;;;;;;;;
1612376627.4877715,2200,-1.7834556102752686;;;;;;;;
1612376628.6376758,2204,-1.8664439916610718;;;;;;;;
1612376629.2450533,2206,-1.9255576133728027;;;;;;;;
1612376629.8464441,2208,-1.902167558670044;;;;;;;;
1612376631.6087675,2214,-1.94801926612854;;;;;;;;
1612376632.1991756,2216,-1.819359540939331;;;;;;;;
1612376633.4838738,2220,-1.879370093345642;;;;;;;;
1612376638.2920222,2236,-1.9145803451538086;;;;;;;;
1612376638.8485346,2238,-1.8391151428222656;;;;;;;;
1612376639.3980653,2240,-1.9768757820129395;;;;;;;;
1612376639.9326377,2242,-1.9207608699798584;;;;;;;;
1612376641.6311274,2248,-1.774761438369751;;;;;;;;
1612376642.21753,2250,-1.866265892982483;;;;;;;;
1612376642.8209167,2252,-2.012363910675049;;;;;;;;
1612376644.5983233,2258,-1.8973697423934937;;;;;;;;
1612376645.1548355,2260,-1.973311424255371;;;;;;;;
1612376645.7003834,2262,-1.914975643157959;;;;;;;;
1612376647.5203722,2268,-1.868642807006836;;;;;;;;
1612376654.8308327,2292,-1.9301261901855469;;;;;;;;
1612376656.5472455,2298,-1.8343778848648071;;;;;;;;
1612376657.8518214,2302,-1.8142688274383545;;;;;;;;
1612376658.685593,2304,-1.7938134670257568;;;;;;;;
1612376659.9731522,2308,-1.8967337608337402;;;;;;;;
1612376660.6283994,2310,-1.9953844547271729;;;;;;;;
1612376661.2905993,2312,-1.7812602519989014;;;;;;;;
1612376662.5502083,2316,-1.8050425052642822;;;;;;;;
1612376664.3184826,2322,-1.9387128353118896;;;;;;;;
1612376664.865021,2324,-1.8777459859848022;;;;;;;;
1612376665.406608,2326,-1.9956018924713135;;;;;;;;
1612376665.95539,2328,-1.9717028141021729;;;;;;;;
1612376666.5167594,2330,-1.8888888359069824;;;;;;;;
1612376667.078352,2332,-2.046403646469116;;;;;;;;
1612376667.702682,2334,-1.9954622983932495;;;;;;;;
1612376668.258195,2336,-1.8437259197235107;;;;;;;;
1612376669.343455,2340,-1.8791704177856445;;;;;;;;
1612376670.4305484,2344,-1.8774402141571045;;;;;;;;
1612376670.991051,2346,-1.9822759628295898;;;;;;;;
1612376672.1050737,2350,-1.9227187633514404;;;;;;;;
1612376673.205134,2354,-1.895221471786499;;;;;;;;
1612376674.3101788,2358,-1.9028890132904053;;;;;;;;
1612376674.8477414,2360,-1.858333706855774;;;;;;;;
1612376675.451163,2362,-1.8434498310089111;;;;;;;;
1612376675.9936783,2364,-2.1370208263397217;;;;;;;;
1612376676.5262702,2366,-1.909028172492981;;;;;;;;
1612376677.0937426,2368,-1.8341127634048462;;;;;;;;
1612376679.6392245,2376,-1.869734525680542;;;;;;;;
1612376682.3839135,2386,-1.8083319664001465;;;;;;;;
1612376682.940401,2388,-1.8310530185699463;;;;;;;;
1612376684.0384972,2392,-1.9838131666183472;;;;;;;;
1612376684.5889945,2394,-2.111799716949463;;;;;;;;
1612376686.8160734,2402,-1.8702163696289062;;;;;;;;
1612376687.3785686,2404,-1.9613198041915894;;;;;;;;
1612376687.9310603,2406,-1.7807506322860718;;;;;;;;
1612376689.023166,2410,-1.9359781742095947;;;;;;;;
1612376690.6428115,2416,-2.143319845199585;;;;;;;;
1612376692.29941,2422,-1.8655081987380981;;;;;;;;
1612376693.4473157,2426,-1.8923368453979492;;;;;;;;
1612376694.634175,2430,-1.8981530666351318;;;;;;;;
1612376695.198671,2432,-1.9257198572158813;;;;;;;;
1612376696.2997115,2436,-1.9133540391921997;;;;;;;;
1612376696.8432646,2438,-1.8413341045379639;;;;;;;;
1612376698.507746,2444,-1.9069631099700928;;;;;;;;
1612376699.060238,2446,-1.8336914777755737;;;;;;;;
1612376699.6077738,2448,-1.8482284545898438;;;;;;;;
1612376700.7317693,2452,-1.8076869249343872;;;;;;;;
1612376701.2972581,2454,-1.750266432762146;;;;;;;;
1612376701.8597543,2456,-2.0265092849731445;;;;;;;;
1612376703.0194068,2460,-1.9836316108703613;;;;;;;;
1612376703.6336133,2462,-1.75642728805542;;;;;;;;
1612376704.1761959,2464,-1.9272494316101074;;;;;;;;
1612376704.7227027,2466,-1.910531997680664;;;;;;;;
1612376705.2722335,2468,-1.8899503946304321;;;;;;;;
1612376705.819795,2470,-1.879361629486084;;;;;;;;
1612376708.6929097,2480,-1.8220560550689697;;;;;;;;
1612376709.4209635,2482,-1.98944091796875;;;;;;;;
1612376710.5100517,2486,-1.8727539777755737;;;;;;;;
1612376712.7153635,2494,-1.9201581478118896;;;;;;;;
1612376713.317754,2496,-2.002687931060791;;;;;;;;
1612376714.5854118,2500,-2.1069960594177246;;;;;;;;
1612376717.44775,2508,-1.9345777034759521;;;;;;;;
1612376718.6471066,2512,-1.789001703262329;;;;;;;;
1612376719.749113,2516,-2.123486280441284;;;;;;;;
1612376720.847178,2520,-2.0992820262908936;;;;;;;;
1612376721.4496,2522,-1.9084930419921875;;;;;;;;
1612376722.0310144,2524,-1.8669521808624268;;;;;;;;
1612376722.6134582,2526,-1.8234809637069702;;;;;;;;
1612376723.9142168,2530,-1.9893813133239746;;;;;;;;
1612376725.608555,2536,-1.9130187034606934;;;;;;;;
1612376726.1401355,2538,-1.8729135990142822;;;;;;;;
1612376727.2471745,2542,-1.8930063247680664;;;;;;;;
1612376727.8146577,2544,-1.7939567565917969;;;;;;;;
1612376728.3871279,2546,-1.7750883102416992;;;;;;;;
1612376729.5373406,2550,-1.9948903322219849;;;;;;;;
1612376731.9473393,2558,-1.815812587738037;;;;;;;;
1612376733.150876,2562,-1.8317489624023438;;;;;;;;
1612376733.7515209,2564,-1.782569169998169;;;;;;;;
1612376734.9871426,2568,-1.7853901386260986;;;;;;;;
1612376735.5975895,2570,-2.025336742401123;;;;;;;;
1612376737.2810447,2576,-1.7957983016967773;;;;;;;;
1612376737.831544,2578,-1.951521873474121;;;;;;;;
1612376740.586745,2588,-2.028258800506592;;;;;;;;
1612376741.1376083,2590,-1.8965880870819092;;;;;;;;
1612376741.6952808,2592,-1.889609932899475;;;;;;;;
1612376742.2418196,2594,-1.8683104515075684;;;;;;;;
1612376743.3449063,2598,-1.8155652284622192;;;;;;;;
1612376744.4838889,2602,-1.847023844718933;;;;;;;;
1612376745.1052039,2604,-1.8395332098007202;;;;;;;;
1612376745.6873827,2606,-1.960631251335144;;;;;;;;
1612376746.3153896,2608,-1.9272987842559814;;;;;;;;
1612376747.1003006,2610,-2.17099666595459;;;;;;;;
1612376747.7575114,2612,-1.9305795431137085;;;;;;;;
1612376749.4492166,2618,-1.9958019256591797;;;;;;;;
1612376751.1513124,2624,-1.783183217048645;;;;;;;;
1612376752.2583516,2628,-1.9530713558197021;;;;;;;;
1612376753.4352381,2632,-1.9632954597473145;;;;;;;;
1612376753.9927406,2634,-1.8690872192382812;;;;;;;;
1612376754.5990953,2636,-2.0290822982788086;;;;;;;;
1612376755.2074687,2638,-2.044572353363037;;;;;;;;
1612376756.0063348,2640,-1.8517489433288574;;;;;;;;
1612376758.5012493,2648,-1.9445377588272095;;;;;;;;
1612376760.9094877,2656,-1.8028528690338135;;;;;;;;
1612376762.017558,2660,-1.8167569637298584;;;;;;;;
1612376762.5930192,2662,-1.8745285272598267;;;;;;;;
1612376764.304426,2668,-1.7445282936096191;;;;;;;;
1612376764.8599467,2670,-1.917860746383667;;;;;;;;
1612376765.4453769,2672,-1.8945910930633545;;;;;;;;
1612376767.2394104,2678,-2.0080010890960693;;;;;;;;
1612376769.001699,2684,-1.9279550313949585;;;;;;;;
1612376769.5502677,2686,-1.9622423648834229;;;;;;;;
1612376770.1057653,2688,-1.9956145286560059;;;;;;;;
1612376771.2327676,2692,-2.1154658794403076;;;;;;;;
1612376771.7852592,2694,-1.9121859073638916;;;;;;;;
1612376772.3557622,2696,-1.8728315830230713;;;;;;;;
1612376774.065633,2702,-1.8835468292236328;;;;;;;;
1612376775.3247383,2706,-1.9590598344802856;;;;;;;;
1612376775.9331448,2708,-1.8770973682403564;;;;;;;;
1612376776.6372316,2710,-1.9892560243606567;;;;;;;;
1612376777.30345,2712,-1.896752119064331;;;;;;;;
1612376777.8589833,2714,-2.162642002105713;;;;;;;;
1612376778.4544086,2716,-1.8783528804779053;;;;;;;;
1612376779.6212544,2720,-1.9001786708831787;;;;;;;;
1612376780.201704,2722,-2.062558174133301;;;;;;;;
1612376781.891247,2728,-1.8629155158996582;;;;;;;;
1612376784.760602,2738,-1.9545611143112183;;;;;;;;
1612376791.5474846,2762,-1.84169602394104;;;;;;;;
1612376792.1465323,2764,-2.068470001220703;;;;;;;;
1612376792.7010744,2766,-1.8657411336898804;;;;;;;;
1612376793.3067431,2768,-1.8087842464447021;;;;;;;;
1612376795.5441525,2776,-1.889608383178711;;;;;;;;
1612376797.237195,2782,-1.9340479373931885;;;;;;;;
1612376797.8126535,2784,-1.9265689849853516;;;;;;;;
1612376798.9306757,2788,-2.0052387714385986;;;;;;;;
1612376799.4809537,2790,-1.985466480255127;;;;;;;;
1612376800.034474,2792,-2.056027412414551;;;;;;;;
1612376800.6588044,2794,-1.9492647647857666;;;;;;;;
1612376801.7718296,2798,-1.9150059223175049;;;;;;;;
1612376802.882859,2802,-1.903115153312683;;;;;;;;
1612376803.4413676,2804,-1.814988136291504;;;;;;;;
1612376803.9978793,2806,-1.8327547311782837;;;;;;;;
1612376805.1358376,2810,-1.9512614011764526;;;;;;;;
1612376805.6783898,2812,-1.8865318298339844;;;;;;;;
1612376806.252782,2814,-1.9578444957733154;;;;;;;;
1612376807.538344,2818,-2.0587611198425293;;;;;;;;
1612376808.6763396,2822,-1.9346657991409302;;;;;;;;
1612376812.0464041,2834,-1.8244787454605103;;;;;;;;
1612376813.1803815,2838,-1.9021563529968262;;;;;;;;
1612376815.4507656,2846,-1.9953689575195312;;;;;;;;
1612376816.0192773,2848,-2.0804736614227295;;;;;;;;
1612376816.590718,2850,-1.9848411083221436;;;;;;;;
1612376819.0519867,2858,-1.9007279872894287;;;;;;;;
1612376822.0418162,2868,-2.007786750793457;;;;;;;;
1612376822.4975982,2870,-3.3527626991271973;;;;;;;;
1612376823.833478,2877,-2.0835556983947754;;;;;;;;
1612376825.7861438,2885,-1.9667162895202637;;;;;;;;
1612376827.5973217,2891,-1.9243178367614746;;;;;;;;
1612376828.9662852,2897,-1.8878231048583984;;;;;;;;
1612376829.532769,2899,-1.703879714012146;;;;;;;;
1612376830.0962954,2901,-1.9620054960250854;;;;;;;;
1612376831.4935536,2907,-2.2045817375183105;;;;;;;;
1612376832.0610433,2909,-2.166578769683838;;;;;;;;
1612376833.3063707,2915,-1.0672062635421753;;;;;;;;
1612376834.0603576,2919,-1.042273759841919;;;;;;;;
1612376834.3765109,2921,-0.9455747008323669;;;;;;;;
1612376834.8612454,2923,-1.9508378505706787;;;;;;;;
1612376838.5254216,2936,-2.0062313079833984;;;;;;;;
1612376839.0480251,2938,-2.0210671424865723;;;;;;;;
1612376839.634458,2940,-2.0931599140167236;;;;;;;;
1612376840.1899722,2942,-1.9490444660186768;;;;;;;;
1612376840.9728796,2946,-3.584707260131836;;;;;;;;
1612376841.301004,2948,-0.9595533013343811;;;;;;;;
1612376841.8465436,2950,-1.009965419769287;;;;;;;;
1612376842.298337,2952,-2.0558009147644043;;;;;;;;
1612376842.637429,2954,-1.6554481983184814;;;;;;;;
1612376842.939623,2956,-1.4689229726791382;;;;;;;;
1612376843.4931777,2958,-1.2053751945495605;;;;;;;;
1612376843.8133125,2960,-1.028061032295227;;;;;;;;
1612376844.1693358,2962,-3.3236615657806396;;;;;;;;
1612376845.6593869,2968,-1.737078070640564;;;;;;;;
1612376846.7015674,2972,-1.6464569568634033;;;;;;;;
1612376849.1031475,2982,-2.09718918800354;;;;;;;;
1612376849.6656432,2984,-3.363696575164795;;;;;;;;
1612376850.2381508,2986,-1.9699931144714355;;;;;;;;
1612376851.3282044,2990,-1.9573779106140137;;;;;;;;
1612376855.442647,3004,-1.9751596450805664;;;;;;;;
1612376856.580603,3008,-1.950978398323059;;;;;;;;
1612376859.478542,3018,-2.089958667755127;;;;;;;;
1612376860.0589895,3020,-2.036926746368408;;;;;;;;
1612376862.5929163,3028,-1.9161500930786133;;;;;;;;
1612376863.70591,3032,-2.0514776706695557;;;;;;;;
1612376864.2614267,3034,-1.8348357677459717;;;;;;;;
1612376865.387447,3038,-1.9971215724945068;;;;;;;;
1612376865.955925,3040,-1.8993394374847412;;;;;;;;
1612376867.081101,3044,-2.2159228324890137;;;;;;;;
1612376867.640608,3046,-1.9396792650222778;;;;;;;;
1612376870.957294,3058,-1.8207817077636719;;;;;;;;
1612376871.50585,3060,-1.905855417251587;;;;;;;;
1612376872.0514767,3062,-1.9021514654159546;;;;;;;;
1612376875.2806113,3072,-1.974370002746582;;;;;;;;
1612376875.8780136,3074,-1.8239972591400146;;;;;;;;
1612376880.8372562,3092,-1.9916913509368896;;;;;;;;
1612376881.305438,3094,-2.0227556228637695;;;;;;;;
1612376882.877249,3100,-2.0003490447998047;;;;;;;;
1612376883.383911,3102,-2.123466968536377;;;;;;;;
1612376883.8775747,3104,-2.191497802734375;;;;;;;;
1612376884.9197874,3108,-1.9272971153259277;;;;;;;;
1612376885.9989665,3112,-1.9590764045715332;;;;;;;;
1612376886.9853008,3116,-1.986497402191162;;;;;;;;
1612376888.4852574,3122,-2.051037311553955;;;;;;;;
1612376888.8542717,3124,-1.5401760339736938;;;;;;;;
1612376889.9214432,3128,-0.9955247640609741;;;;;;;;
1612376890.5457492,3130,-3.104835271835327;;;;;;;;
1612376891.617884,3134,-1.0884442329406738;;;;;;;;
1612376892.2202756,3137,-1.0601236820220947;;;;;;;;
1612376892.9642847,3139,-1.1031984090805054;;;;;;;;
1612376894.090275,3142,-1.13407564163208;;;;;;;;
1612376894.5979176,3144,-1.1402628421783447;;;;;;;;
1612376895.866527,3151,-1.791520357131958;;;;;;;;
1612376896.326299,3153,-2.025378704071045;;;;;;;;
1612376897.4453075,3157,-1.9640259742736816;;;;;;;;
1612376897.9908738,3159,-1.861519455909729;;;;;;;;
1612376898.4585989,3161,-1.9450595378875732;;;;;;;;
1612376898.90543,3163,-1.8190319538116455;;;;;;;;
1612376899.839907,3167,-1.9443117380142212;;;;;;;;
1612376900.2817252,3169,-2.1091301441192627;;;;;;;;
1612376900.7544868,3171,-1.8984529972076416;;;;;;;;
1612376901.2063046,3173,-1.6450364589691162;;;;;;;;
1612376903.325198,3181,-1.837799310684204;;;;;;;;
1612376904.315851,3185,-2.0115418434143066;;;;;;;;
1612376904.6399865,3187,-3.3413031101226807;;;;;;;;
1612376905.2852843,3189,-1.8440018892288208;;;;;;;;
1612376906.0941148,3192,-1.856024146080017;;;;;;;;
1612376906.992696,3196,-1.7409050464630127;;;;;;;;
1612376907.9012675,3200,-1.8921797275543213;;;;;;;;
1612376908.3241348,3203,-2.4997000694274902;;;;;;;;
1612376908.7759733,3205,-1.774177074432373;;;;;;;;
1612376909.2107658,3207,-1.6882647275924683;;;;;;;;
1612376910.0884202,3211,-1.013268232345581;;;;;;;;
1612376910.5501854,3213,-1.9390968084335327;;;;;;;;
1612376910.9860373,3215,-1.7993359565734863;;;;;;;;
1612376911.378603,3217,-1.3110520839691162;;;;;;;;
1612376911.9376543,3219,-1.7084145545959473;;;;;;;;
1612376912.382433,3221,-1.6767793893814087;;;;;;;;
1612376913.2670856,3225,-1.083481788635254;;;;;;;;
1612376913.7856827,3227,-3.316157102584839;;;;;;;;
1612376914.7760932,3231,-1.0601861476898193;;;;;;;;
1612376915.4921758,3233,-1.1590420007705688;;;;;;;;
1612376916.0247793,3235,-2.4727044105529785;;;;;;;;
1612376916.5643096,3236,-2.45617413520813;;;;;;;;
1612376916.8914514,3239,-2.4144184589385986;;;;;;;;
1612376917.5506792,3241,-0.9993677139282227;;;;;;;;
1612376918.0953627,3242,-2.4884440898895264;;;;;;;;
1612376918.0953627,3243,-2.400054931640625;;;;;;;;
1612376918.5282085,3244,-2.417062282562256;;;;;;;;
1612376918.868297,3247,-2.4090805053710938;;;;;;;;
1612376920.378199,3255,-1.8237414360046387;;;;;;;;
1612376921.1607347,3259,-3.4588067531585693;;;;;;;;
1612376921.6163316,3261,-1.8205766677856445;;;;;;;;
1612376922.0691571,3263,-1.0959675312042236;;;;;;;;
1612376923.1691809,3268,-2.402815103530884;;;;;;;;
1612376923.615987,3270,-1.0043296813964844;;;;;;;;
1612376924.5335882,3274,-0.9793946743011475;;;;;;;;
1612376925.9335325,3281,-2.4322757720947266;;;;;;;;
1612376926.473062,3282,-2.431400775909424;;;;;;;;
1612376926.473062,3283,-2.422900676727295;;;;;;;;
1612376926.945798,3284,-2.5107500553131104;;;;;;;;
1612376928.058027,3288,-1.0924170017242432;;;;;;;;
1612376928.420929,3290,-2.414851665496826;;;;;;;;
1612376928.9028404,3293,-3.5298404693603516;;;;;;;;
1612376929.4344437,3295,-1.1444135904312134;;;;;;;;
1612376930.4014044,3299,-1.0874981880187988;;;;;;;;
1612376931.025612,3301,-1.080159068107605;;;;;;;;
1612376931.3738961,3303,-3.319880485534668;;;;;;;;
1612376931.7917795,3305,-3.050504207611084;;;;;;;;
1612376932.9008198,3309,-1.9090243577957153;;;;;;;;
1612376934.229265,3314,-1.0024645328521729;;;;;;;;
1612376934.7741926,3316,-1.1278419494628906;;;;;;;;
1612376935.2728887,3318,-1.0194402933120728;;;;;;;;
1612376935.7329414,3320,-0.9574063420295715;;;;;;;;
1612376935.7329414,3321,-2.436400890350342;;;;;;;;
1612376936.960663,3325,-2.505887746810913;;;;;;;;
1612376937.4451153,3326,-2.4308831691741943;;;;;;;;
1612376939.0568585,3333,-1.0316052436828613;;;;;;;;
1612376939.611377,3334,-2.407998561859131;;;;;;;;
1612376939.9395008,3336,-2.4065942764282227;;;;;;;;
1612376939.9405363,3337,-2.4187653064727783;;;;;;;;
1612376940.3942842,3339,-1.630624532699585;;;;;;;;
1612376942.221411,3347,-1.1673319339752197;;;;;;;;
1612376943.2985318,3353,-3.3613131046295166;;;;;;;;
1612376944.200092,3357,-1.7428569793701172;;;;;;;;
1612376945.4357893,3363,-1.896392583847046;;;;;;;;
1612376945.9331038,3365,-1.7322551012039185;;;;;;;;
1612376946.2789235,3367,-3.3834455013275146;;;;;;;;
1612376946.8017092,3369,-1.8202426433563232;;;;;;;;
1612376947.2688463,3371,-1.6705719232559204;;;;;;;;
1612376948.3458722,3374,-2.5211868286132812;;;;;;;;
1612376948.8764656,3376,-1.2280702590942383;;;;;;;;
1612376949.3521814,3378,-1.65053129196167;;;;;;;;
1612376950.5266354,3384,-3.3143913745880127;;;;;;;;
1612376950.826848,3386,-1.9370522499084473;;;;;;;;
1612376951.6825523,3390,-1.0972050428390503;;;;;;;;
1612376952.1363297,3392,-0.9922792911529541;;;;;;;;
1612376952.7865932,3394,-1.8279695510864258;;;;;;;;
1612376953.7879434,3398,-1.027738094329834;;;;;;;;
1612376954.8251429,3402,-1.8681868314743042;;;;;;;;
1612376955.317826,3404,-1.8193113803863525;;;;;;;;
1612376955.6110423,3406,-1.5526251792907715;;;;;;;;
1612376955.941161,3408,-1.0099085569381714;;;;;;;;
1612376955.941161,3409,-2.4843711853027344;;;;;;;;
1612376958.6634033,3421,-3.3823537826538086;;;;;;;;
1612376958.9835792,3422,-2.7967236042022705;;;;;;;;
1612376960.3629134,3428,-1.7528152465820312;;;;;;;;
1612376962.8176408,3438,-1.7764017581939697;;;;;;;;
1612376965.0729332,3446,-2.0385265350341797;;;;;;;;
1612376966.2536948,3450,-1.875171184539795;;;;;;;;
1612376967.3717716,3454,-1.9900257587432861;;;;;;;;
1612376968.5147223,3458,-1.8525056838989258;;;;;;;;
1612376969.0831733,3460,-1.9149205684661865;;;;;;;;
1612376969.651653,3462,-2.0972867012023926;;;;;;;;
1612376970.32984,3464,-2.1767234802246094;;;;;;;;
1612376973.149306,3472,-1.8400999307632446;;;;;;;;
1612376973.7277567,3474,-2.384746551513672;;;;;;;;
1612376974.2833045,3476,-1.881113886833191;;;;;;;;
1612376975.403279,3480,-2.1634178161621094;;;;;;;;
1612376975.9567993,3482,-1.8079168796539307;;;;;;;;
1612376976.508351,3484,-1.854498267173767;;;;;;;;
1612376978.7503316,3492,-1.805647850036621;;;;;;;;
1612376979.8892915,3496,-1.9884788990020752;;;;;;;;
1612376981.0192993,3500,-1.989640235900879;;;;;;;;
1612376982.1402798,3504,-1.8718645572662354;;;;;;;;
1612376982.6978133,3506,-1.9890683889389038;;;;;;;;
1612376983.8028283,3510,-1.7955889701843262;;;;;;;;
1612376986.0976932,3518,-1.9135096073150635;;;;;;;;
1612376987.2167206,3522,-1.9164690971374512;;;;;;;;
1612376987.771251,3524,-2.004086971282959;;;;;;;;
1612376989.4826448,3530,-1.910957932472229;;;;;;;;
1612376991.1459908,3536,-1.9589424133300781;;;;;;;;
1612376993.5342321,3544,-1.7482421398162842;;;;;;;;
1612376994.79885,3548,-1.9065840244293213;;;;;;;;
1612376995.5727818,3550,-1.8537425994873047;;;;;;;;
1612376997.4886603,3556,-2.0628695487976074;;;;;;;;
1612376999.773594,3564,-1.923297643661499;;;;;;;;
1612377000.355004,3566,-1.9837749004364014;;;;;;;;
1612377000.9474156,3568,-1.9283671379089355;;;;;;;;
1612377001.5139265,3570,-1.8781383037567139;;;;;;;;
1612377003.2113898,3576,-1.8920347690582275;;;;;;;;
1612377003.8008192,3578,-2.0645828247070312;;;;;;;;
1612377004.418138,3580,-1.8763978481292725;;;;;;;;
1612377005.7692332,3584,-1.9218275547027588;;;;;;;;
1612377006.3975446,3586,-1.9072118997573853;;;;;;;;
1612377006.982955,3588,-1.9482579231262207;;;;;;;;
1612377008.2476091,3592,-1.982569932937622;;;;;;;;
1612377008.8260632,3594,-1.859917402267456;;;;;;;;
1612377010.6183033,3600,-1.8915472030639648;;;;;;;;
1612377011.2565663,3602,-1.9055044651031494;;;;;;;;
1612377012.4992456,3606,-2.0404744148254395;;;;;;;;
1612377013.6332145,3610,-1.8742338418960571;;;;;;;;
1612377014.225643,3612,-1.8205467462539673;;;;;;;;
1612377014.7851593,3614,-1.8797693252563477;;;;;;;;
1612377017.058534,3622,-1.932765007019043;;;;;;;;
1612377018.7190943,3628,-1.7992501258850098;;;;;;;;
1612377019.2885797,3630,-1.841263771057129;;;;;;;;
1612377019.8431244,3632,-1.8482539653778076;;;;;;;;
1612377020.4006174,3634,-1.7634727954864502;;;;;;;;
1612377022.112735,3640,-1.8682342767715454;;;;;;;;
1612377023.8866038,3646,-2.040064573287964;;;;;;;;
1612377024.455085,3648,-1.956092357635498;;;;;;;;
1612377025.0794153,3650,-1.9488959312438965;;;;;;;;
1612377025.821432,3652,-1.9078843593597412;;;;;;;;
1612377026.4078636,3654,-1.8681504726409912;;;;;;;;
1612377027.6349957,3658,-1.907075047492981;;;;Extract String;Convert To Float;;;
1612377029.3497136,3664,-1.9251810312271118;;;;-1.925181031;-1.925181031;;;"RECHTS(A950;LÄNGE(A950)-SUCHEN("",-"";A950))"
1612377031.252312,3670,-2.0476393699645996;;;;-2.04763937;-2.04763937;;;WERT(E950)
1612377033.6438534,3678,-1.8821271657943726;;;;-1.882127166;-1.882127166;;;
1612377034.19435,3680,-2.1747241020202637;;;;-2.174724102;-2.174724102;;;
1612377034.867583,3682,-1.9404531717300415;;;;-1.940453172;-1.940453172;;;
1612377035.4699411,3684,-1.876953363418579;;;;-1.876953363;-1.876953363;;;
1612377036.1690664,3686,-1.8869316577911377;;;;-1.886931658;-1.886931658;;;
1612377037.4532428,3690,-1.9909265041351318;;;;-1.990926504;-1.990926504;;;
1612377038.004769,3692,-1.9268269538879395;;;;-1.926826954;-1.926826954;;;
1612377040.2498684,3700,-1.9711194038391113;;;;-1.971119404;-1.971119404;;;
1612377041.9193993,3706,-1.9587757587432861;;;;-1.958775759;-1.958775759;;;
1612377042.4808972,3708,-1.9421098232269287;;;;-1.942109823;-1.942109823;;;
1612377044.2182531,3714,-1.964353322982788;;;;-1.964353323;-1.964353323;;;
1612377044.766787,3716,-1.8659226894378662;;;;-1.865922689;-1.865922689;;;
1612377045.3223028,3718,-1.9439871311187744;;;;-1.943987131;-1.943987131;;;
1612377045.8758228,3720,-1.8499863147735596;;;;-1.849986315;-1.849986315;;;
1612377046.43034,3722,-1.7900495529174805;;;;-1.790049553;-1.790049553;;;
1612377047.5503466,3726,-1.7811506986618042;;;;-1.781150699;-1.781150699;;;
1612377048.1128528,3728,-1.9431896209716797;;;;-1.943189621;-1.943189621;;;
1612377048.6703608,3730,-1.9584627151489258;;;;-1.958462715;-1.958462715;;;
1612377049.2503214,3732,-2.080697536468506;;;;-2.080697536;-2.080697536;;;
1612377049.82462,3734,-2.148513078689575;;;;-2.148513079;-2.148513079;;;
1612377052.0357108,3742,-1.8395421504974365;;;;-1.83954215;-1.83954215;;;
1612377052.5882654,3744,-1.9320929050445557;;;;-1.932092905;-1.932092905;;;
1612377053.145745,3746,-1.903991937637329;;;;-1.903991938;-1.903991938;;;
1612377054.802317,3752,-1.9610366821289062;;;;-1.961036682;-1.961036682;;;
1612377056.211114,3756,-1.8820748329162598;;;;-1.882074833;-1.882074833;;;
1612377056.7695913,3758,-1.9120028018951416;;;;-1.912002802;-1.912002802;;;
1612377057.3600144,3760,-1.8738515377044678;;;;-1.873851538;-1.873851538;;;
1612377058.5518641,3764,-1.9264352321624756;;;;-1.926435232;-1.926435232;;;
1612377059.1463332,3766,-1.953087568283081;;;;-1.953087568;-1.953087568;;;
1612377059.7108483,3768,-1.8848274946212769;;;;-1.884827495;-1.884827495;;;
1612377060.85775,3772,-1.8905013799667358;;;;-1.89050138;-1.89050138;;;
1612377061.4112706,3774,-1.9197795391082764;;;;-1.919779539;-1.919779539;;;
1612377063.2304306,3780,-1.8977301120758057;;;;-1.897730112;-1.897730112;;;
1612377064.490065,3784,-1.783116102218628;;;;-1.783116102;-1.783116102;;;
1612377065.6379952,3788,-1.9304835796356201;;;;-1.93048358;-1.93048358;;;
1612377066.1905193,3790,-1.903181552886963;;;;-1.903181553;-1.903181553;;;
1612377067.2925782,3794,-1.8760638236999512;;;;-1.876063824;-1.876063824;;;
1612377069.1266704,3800,-1.9522756338119507;;;;-1.952275634;-1.952275634;;;
1612377070.3224742,3804,-1.8051724433898926;;;;-1.805172443;-1.805172443;;;
1612377070.880981,3806,-1.923170566558838;;;;-1.923170567;-1.923170567;;;
1612377071.4354992,3808,-1.8729374408721924;;;;-1.872937441;-1.872937441;;;
1612377072.589415,3812,-1.8115845918655396;;;;-1.811584592;-1.811584592;;;
1612377073.8625207,3816,-1.9933022260665894;;;;-1.993302226;-1.993302226;;;
1612377074.4240074,3818,-2.1579771041870117;;;;-2.157977104;-2.157977104;;;
1612377075.0074801,3820,-1.9638023376464844;;;;-1.963802338;-1.963802338;;;
1612377077.1427405,3828,-1.8348937034606934;;;;-1.834893703;-1.834893703;;;
1612377077.7032738,3830,-1.9791622161865234;;;;-1.979162216;-1.979162216;;;
1612377078.7135665,3834,-1.9668575525283813;;;;-1.966857553;-1.966857553;;;
1612377079.780726,3838,-2.0328617095947266;;;;-2.03286171;-2.03286171;;;
1612377081.4621568,3845,-1.9438011646270752;;;;-1.943801165;-1.943801165;;;
;;;;;;;;
;;;;;;;;
;;;;Average (Last 50):;-1.929955363;;;
;;;;;;;;
;;;;;;;;
;;;;;;;;
;;;;;SUMME(F950:F1001)/ZEILEN(F950:F1001);;;
