Wall time,Step,Value;;;;;"Average Reward; Last 50 Episodes"
1612286951.0118191,13,-0.9969503879547119;;;;;-1.937102595
1612286951.4995139,15,-3.068753242492676;;;;;
1612286953.1707973,23,-1.8161591291427612;;;;;
1612286953.6385376,25,-1.7291069030761719;;;;;
1612286954.3027475,28,-2.496818780899048;;;;;
1612286954.7565885,30,-2.015204668045044;;;;;
1612286955.277143,32,-1.747600793838501;;;;;
1612286957.0936997,38,-1.9476187229156494;;;;;
1612286957.5046024,39,-2.5595450401306152;;;;;
1612286958.1309268,41,-1.91080904006958;;;;;
1612286960.2466311,49,-1.9768033027648926;;;;;
1612286963.7562497,64,-1.2419097423553467;;;;;
1612286964.2349694,66,-1.9365208148956299;;;;;
1612286965.109632,70,-1.1615376472473145;;;;;
1612286966.8662024,78,-1.5675914287567139;;;;;
1612286967.854192,82,-2.0462324619293213;;;;;
1612286968.9253042,86,-1.3996878862380981;;;;;
1612286969.526503,88,-1.1413782835006714;;;;;
1612286970.610602,92,-2.0707643032073975;;;;;
1612286971.677375,96,-1.8688405752182007;;;;;
1612286972.2647712,98,-1.637939214706421;;;;;
1612286973.7114289,104,-1.8483896255493164;;;;;
1612286974.1487532,106,-1.8989280462265015;;;;;
1612286974.5764737,108,-2.003953218460083;;;;;
1612286974.8716927,110,-2.9426841735839844;;;;;
1612286975.555865,112,-1.1084511280059814;;;;;
1612286976.5183165,116,-2.5149025917053223;;;;;
1612286977.1196835,118,-1.6498985290527344;;;;;
1612286978.3005574,122,-1.5544047355651855;;;;;
1612286979.3410296,126,-1.7968859672546387;;;;;
1612286979.8145142,128,-1.974294900894165;;;;;
1612286980.2613325,130,-1.046663761138916;;;;;
1612286980.8567293,132,-1.9399832487106323;;;;;
1612286982.467424,138,-1.7870171070098877;;;;;
1612286982.65593,139,-2.475728750228882;;;;;
1612286983.253351,141,-1.6561949253082275;;;;;
1612286983.8347926,143,-1.5830769538879395;;;;;
1612286985.904814,153,-1.9270505905151367;;;;;
1612286988.057717,162,-1.4753793478012085;;;;;
1612286988.5134995,164,-1.1873738765716553;;;;;
1612286988.9992263,166,-1.1615192890167236;;;;;
1612286989.688972,168,-1.4715759754180908;;;;;
1612286989.8774793,169,-2.449843168258667;;;;;
1612286990.561626,171,-1.7580444812774658;;;;;
1612286992.708886,180,-1.7023036479949951;;;;;
1612286996.096855,194,-1.549446702003479;;;;;
1612286997.5393076,200,-1.1204854249954224;;;;;
1612286998.1287317,202,-1.9050767421722412;;;;;
1612287000.7975488,214,-1.7385395765304565;;;;;
1612287002.1444125,220,-1.2246981859207153;;;;;
1612287003.0563946,224,-1.6213974952697754;;;;;
1612287003.6517713,226,-1.555770754814148;;;;;
1612287003.9330356,227,-2.527007818222046;;;;;
1612287005.777122,234,-1.7651301622390747;;;;;
1612287006.3643901,236,-1.8989620208740234;;;;;
1612287006.895501,238,-1.534042477607727;;;;;
1612287008.657184,244,-1.5249536037445068;;;;;
1612287009.2556148,246,-1.9664366245269775;;;;;
1612287012.879921,260,-1.8399702310562134;;;;;
1612287013.9411387,264,-1.6883890628814697;;;;;
1612287014.8736305,268,-1.7576178312301636;;;;;
1612287015.48209,270,-1.9543991088867188;;;;;
1612287015.9528286,272,-1.6518127918243408;;;;;
1612287016.2679982,274,-1.2836084365844727;;;;;
1612287018.1220303,281,-2.472212314605713;;;;;
1612287019.0146444,285,-3.240523338317871;;;;;
1612287020.460185,290,-1.4771275520324707;;;;;
1612287020.9748034,292,-1.6914176940917969;;;;;
1612287021.5662227,294,-2.0426361560821533;;;;;
1612287022.5366287,297,-2.446155309677124;;;;;
1612287022.8148863,298,-2.4605355262756348;;;;;
1612287022.8986952,299,-2.444037914276123;;;;;
1612287024.1702623,305,-1.2305889129638672;;;;;
1612287025.4358804,309,-1.0548648834228516;;;;;
1612287025.6243763,310,-2.450559377670288;;;;;
1612287026.3614173,314,-3.3379056453704834;;;;;
1612287026.790261,316,-1.9032269716262817;;;;;
1612287028.565515,322,-1.6639522314071655;;;;;
1612287030.6210194,330,-1.2600822448730469;;;;;
1612287031.087801,332,-2.0437896251678467;;;;;
1612287031.5116997,334,-1.1765706539154053;;;;;
1612287032.6799686,338,-2.171199321746826;;;;;
1612287034.4372728,344,-1.0543017387390137;;;;;
1612287035.5672507,348,-1.7474639415740967;;;;;
1612287036.1400054,350,-1.6472432613372803;;;;;
1612287037.313833,354,-1.8714207410812378;;;;;
1612287038.1376958,357,-2.4920637607574463;;;;;
1612287038.8049126,359,-1.5631049871444702;;;;;
1612287041.1664019,370,-3.5051956176757812;;;;;
1612287044.5041394,383,-2.4944913387298584;;;;;
1612287044.9888449,385,-1.3492889404296875;;;;;
1612287045.4576228,387,-1.861207365989685;;;;;
1612287047.4887812,395,-1.589120626449585;;;;;
1612287048.853102,400,-0.9506444931030273;;;;;
1612287050.5615351,406,-1.767775535583496;;;;;
1612287051.0133293,408,-1.2012189626693726;;;;;
1612287052.3347955,413,-2.4425485134124756;;;;;
1612287052.7806044,415,-1.9155559539794922;;;;;
1612287053.6891773,418,-2.468173027038574;;;;;
1612287054.165929,420,-1.2167019844055176;;;;;
1612287054.6336505,422,-1.1550376415252686;;;;;
1612287055.308906,425,-2.451555013656616;;;;;
1612287056.870731,431,-1.927839994430542;;;;;
1612287057.3364859,433,-1.3169771432876587;;;;;
1612287057.798284,435,-1.1081066131591797;;;;;
1612287059.253387,440,-2.4310531616210938;;;;;
1612287061.0093873,446,-1.112365484237671;;;;;
1612287063.1416144,454,-1.509194254875183;;;;;
1612287064.4022198,458,-2.285248279571533;;;;;
1612287065.1901388,461,-1.7084357738494873;;;;;
1612287065.6538596,463,-1.5212782621383667;;;;;
1612287068.385604,473,-1.6266217231750488;;;;;
1612287069.5664437,477,-2.4216151237487793;;;;;
1612287070.2496188,479,-2.020444869995117;;;;;
1612287070.4371169,480,-2.421412944793701;;;;;
1612287071.0235498,482,-1.4628207683563232;;;;;
1612287071.897582,486,-0.8883650302886963;;;;;
1612287074.1206152,494,-1.9167375564575195;;;;;
1612287075.289521,498,-1.2512882947921753;;;;;
1612287076.3285854,502,-1.7003467082977295;;;;;
1612287077.0915763,506,-3.0512609481811523;;;;;
1612287079.4731789,516,-1.9158365726470947;;;;;
1612287080.6508338,520,-2.1183366775512695;;;;;
1612287082.6335335,528,-1.9208687543869019;;;;;
1612287085.553752,538,-1.7430391311645508;;;;;
1612287086.6138945,542,-1.3571728467941284;;;;;
1612287087.1943424,544,-1.3116823434829712;;;;;
1612287089.8991854,554,-1.3829996585845947;;;;;
1612287090.3659387,556,-1.703858733177185;;;;;
1612287090.9458828,558,-1.8898584842681885;;;;;
1612287091.873428,562,-3.118075132369995;;;;;
1612287092.4588718,564,-1.4767028093338013;;;;;
1612287093.0433109,566,-1.8393607139587402;;;;;
1612287095.3401384,574,-1.1988449096679688;;;;;
1612287095.688208,576,-4.002922534942627;;;;;
1612287096.7623382,580,-1.695906400680542;;;;;
1612287097.9322102,584,-2.5420422554016113;;;;;
1612287099.9737682,591,-2.06904935836792;;;;;
1612287100.4305627,593,-1.697603702545166;;;;;
1612287100.8703556,595,-2.9566664695739746;;;;;
1612287101.4727693,597,-1.2051938772201538;;;;;
1612287102.5309167,601,-1.7230701446533203;;;;;
1612287103.7067735,606,-1.917838215827942;;;;;
1612287104.2922332,608,-1.801943063735962;;;;;
1612287104.7639751,610,-1.6123590469360352;;;;;
1612287106.3876395,616,-1.0958149433135986;;;;;
1612287106.8613417,618,-2.0049803256988525;;;;;
1612287107.5963395,621,-2.4820282459259033;;;;;
1612287111.394122,633,-1.792863130569458;;;;;
1612287112.218459,636,-1.3191473484039307;;;;;
1612287113.988714,642,-1.766457200050354;;;;;
1612287114.1792302,643,-2.4738283157348633;;;;;
1612287115.358089,647,-1.8097164630889893;;;;;
1612287115.8268256,649,-1.8867123126983643;;;;;
1612287118.2393796,659,-1.9599535465240479;;;;;
1612287118.8227928,661,-1.684006929397583;;;;;
1612287119.9887078,665,-1.9245116710662842;;;;;
1612287121.046848,669,-3.0457632541656494;;;;;
1612287121.6262994,671,-1.8130697011947632;;;;;
1612287122.0920544,673,-1.9884848594665527;;;;;
1612287123.8454099,679,-1.571727991104126;;;;;
1612287126.053466,687,-1.0865905284881592;;;;;
1612287126.634912,689,-1.7660720348358154;;;;;
1612287127.7868505,693,-1.8872690200805664;;;;;
1612287128.2845182,695,-1.7251648902893066;;;;;
1612287129.3298538,699,-1.6532762050628662;;;;;
1612287131.4731236,707,-2.016605854034424;;;;;
1612287132.0695312,709,-1.2961487770080566;;;;;
1612287132.6240485,711,-3.617504358291626;;;;;
1612287133.6622975,715,-1.909700632095337;;;;;
1612287134.1061423,717,-3.126415252685547;;;;;
1612287136.05053,724,-1.6977367401123047;;;;;
1612287136.5193014,726,-1.3238803148269653;;;;;
1612287137.1087332,728,-1.6878843307495117;;;;;
1612287138.2716386,732,-1.6292839050292969;;;;;
1612287138.8021748,734,-3.8462934494018555;;;;;
1612287139.399612,736,-2.2812113761901855;;;;;
1612287139.9870079,738,-1.8543275594711304;;;;;
1612287144.9547286,755,-1.4481117725372314;;;;;
1612287145.1512132,756,-2.4355595111846924;;;;;
1612287147.9903636,766,-1.733410120010376;;;;;
1612287151.5378811,780,-1.7653930187225342;;;;;
1612287151.9737163,782,-3.300426483154297;;;;;
1612287154.156376,790,-2.031970977783203;;;;;
1612287154.6361074,792,-1.876072645187378;;;;;
1612287155.2095604,794,-1.4683518409729004;;;;;
1612287156.253998,798,-2.305419921875;;;;;
1612287157.190833,802,-1.533846378326416;;;;;
1612287159.4857879,810,-1.6083884239196777;;;;;
1612287163.947373,827,-3.351288080215454;;;;;
1612287164.4759908,829,-1.714860439300537;;;;;
1612287164.9576707,831,-1.7354459762573242;;;;;
1612287165.5330212,833,-1.7830619812011719;;;;;
1612287167.1207786,839,-3.383355140686035;;;;;
1612287168.4446552,844,-1.2595386505126953;;;;;
1612287169.971574,850,-1.8461370468139648;;;;;
1612287173.3781345,863,-3.1776504516601562;;;;;
1612287173.9575863,865,-1.6414527893066406;;;;;
1612287174.5439847,867,-2.222564220428467;;;;;
1612287175.1234598,869,-1.5907392501831055;;;;;
1612287175.925293,873,-3.3883261680603027;;;;;
1612287176.5012784,875,-1.0847220420837402;;;;;
1612287177.935164,881,-1.296080231666565;;;;;
1612287178.51761,883,-2.2244606018066406;;;;;
1612287178.945371,885,-3.1187140941619873;;;;;
1612287179.6824002,888,-2.533830165863037;;;;;
1612287180.6628308,892,-1.8782083988189697;;;;;
1612287181.253768,894,-1.2314362525939941;;;;;
1612287183.4558988,902,-1.2306339740753174;;;;;
1612287187.0642817,916,-1.6548362970352173;;;;;
1612287188.70651,922,-1.2939201593399048;;;;;
1612287189.28898,924,-1.0721626281738281;;;;;
1612287190.32731,928,-1.2905865907669067;;;;;
1612287191.4969335,932,-1.2503650188446045;;;;;
1612287192.9368842,937,-1.8832480907440186;;;;;
1612287198.3621092,958,-2.030877113342285;;;;;
1612287200.0246696,964,-1.8460006713867188;;;;;
1612287200.6539829,966,-1.4371833801269531;;;;;
1612287201.1407137,968,-3.2441766262054443;;;;;
1612287202.14507,972,-1.9310510158538818;;;;;
1612287203.330896,976,-1.8186936378479004;;;;;
1612287203.802534,978,-1.5696423053741455;;;;;
1612287204.9913292,982,-1.5670452117919922;;;;;
1612287207.2716484,991,-1.8025813102722168;;;;;
1612287207.8511167,993,-2.1520462036132812;;;;;
1612287210.7442002,1005,-2.016634225845337;;;;;
1612287211.8103592,1009,-1.4963345527648926;;;;;
1612287212.398779,1011,-1.4798269271850586;;;;;
1612287212.9932146,1013,-1.6148269176483154;;;;;
1612287213.4380007,1015,-1.6269794702529907;;;;;
1612287214.023528,1017,-1.0847848653793335;;;;;
1612287214.6189277,1019,-1.9099565744400024;;;;;
1612287215.1215987,1021,-3.608091354370117;;;;;
1612287215.7050357,1023,-2.1790366172790527;;;;;
1612287216.1628146,1025,-1.6513476371765137;;;;;
1612287216.7462544,1027,-1.9538236856460571;;;;;
1612287217.486057,1031,-3.1187009811401367;;;;;
1612287219.0446343,1037,-2.111060857772827;;;;;
1612287219.5582926,1039,-1.5539722442626953;;;;;
1612287220.0190284,1041,-3.096562147140503;;;;;
1612287221.0821867,1045,-1.1335262060165405;;;;;
1612287223.3372126,1053,-1.3156903982162476;;;;;
1612287224.4937873,1057,-1.5603485107421875;;;;;
1612287225.6776226,1061,-2.0839407444000244;;;;;
1612287227.5396445,1068,-1.8154935836791992;;;;;
1612287228.1151316,1070,-1.8951225280761719;;;;;
1612287228.701564,1072,-1.7761545181274414;;;;;
1612287229.9651904,1076,-1.2332812547683716;;;;;
1612287230.4648256,1079,-2.9413766860961914;;;;;
1612287231.506043,1083,-3.220529556274414;;;;;
1612287232.62605,1087,-3.745373010635376;;;;;
1612287233.3132453,1089,-1.3585929870605469;;;;;
1612287234.677565,1094,-2.2221646308898926;;;;;
1612287235.8135543,1098,-1.585139513015747;;;;;
1612287236.5036852,1100,-1.4279379844665527;;;;;
1612287236.713158,1101,-2.475498676300049;;;;;
1612287237.3105285,1103,-2.1684746742248535;;;;;
1612287237.7653534,1105,-3.682351589202881;;;;;
1612287238.356732,1107,-1.1883835792541504;;;;;
1612287239.5256388,1111,-1.8698527812957764;;;;;
1612287240.1230242,1113,-2.1754305362701416;;;;;
1612287243.085174,1123,-2.097358226776123;;;;;
1612287243.6766205,1125,-1.2589067220687866;;;;;
1612287244.857445,1129,-1.2068934440612793;;;;;
1612287245.4448981,1131,-1.3636565208435059;;;;;
1612287246.0313363,1133,-1.468245267868042;;;;;
1612287247.8734136,1139,-1.5485066175460815;;;;;
1612287248.9215987,1143,-3.4700615406036377;;;;;
1612287250.0415888,1147,-3.6982779502868652;;;;;
1612287251.310228,1151,-1.8203532695770264;;;;;
1612287251.8697252,1154,-1.7937129735946655;;;;;
1612287252.8930254,1158,-1.3635709285736084;;;;;
1612287253.4794583,1160,-1.7132623195648193;;;;;
1612287254.0638971,1162,-1.589845895767212;;;;;
1612287255.8311105,1168,-2.2701210975646973;;;;;
1612287258.227726,1176,-1.1962909698486328;;;;;
1612287258.6864617,1178,-1.184494972229004;;;;;
1612287259.7458627,1182,-1.8167238235473633;;;;;
1612287261.4652672,1188,-1.6492910385131836;;;;;
1612287263.7571278,1196,-1.7251856327056885;;;;;
1612287266.2125602,1205,-2.106904983520508;;;;;
1612287270.1004465,1219,-1.461564064025879;;;;;
1612287270.5233161,1221,-3.4499006271362305;;;;;
1612287271.6792262,1225,-2.2088093757629395;;;;;
1612287272.25711,1227,-2.21484375;;;;;
1612287272.7487965,1229,-1.800155758857727;;;;;
1612287273.203584,1231,-3.2710464000701904;;;;;
1612287273.574614,1233,-3.284721851348877;;;;;
1612287274.1680026,1235,-1.235660195350647;;;;;
1612287275.3289587,1239,-1.475738763809204;;;;;
1612287275.9074166,1241,-1.4112153053283691;;;;;
1612287277.701617,1247,-1.8693640232086182;;;;;
1612287278.2890465,1249,-1.204719066619873;;;;;
1612287280.534171,1257,-1.270371437072754;;;;;
1612287282.2886558,1263,-1.4632697105407715;;;;;
1612287283.3281362,1267,-2.0030903816223145;;;;;
1612287283.9026008,1269,-1.2763087749481201;;;;;
1612287284.4332073,1271,-3.7924857139587402;;;;;
1612287285.8786583,1276,-2.4603981971740723;;;;;
1612287286.4750648,1278,-1.383131980895996;;;;;
1612287287.058201,1280,-1.7443127632141113;;;;;
1612287287.650642,1282,-1.7277600765228271;;;;;
1612287288.3398108,1284,-1.4694989919662476;;;;;
1612287288.956128,1287,-3.1750011444091797;;;;;
1612287289.4159017,1289,-2.2789154052734375;;;;;
1612287289.8497386,1291,-3.0091474056243896;;;;;
1612287291.0186143,1295,-1.6592762470245361;;;;;
1612287291.6100602,1297,-1.2981884479522705;;;;;
1612287292.1994927,1299,-1.8105964660644531;;;;;
1612287292.810859,1301,-1.7467267513275146;;;;;
1612287293.3952866,1303,-1.6115717887878418;;;;;
1612287293.989673,1305,-2.176328659057617;;;;;
1612287295.1855013,1309,-1.2258530855178833;;;;;
1612287295.757947,1311,-1.6108678579330444;;;;;
1612287299.542816,1324,-2.30380916595459;;;;;
1612287300.9222348,1329,-2.48826003074646;;;;;
1612287301.4986937,1331,-1.7661528587341309;;;;;
1612287302.0741642,1333,-2.2439422607421875;;;;;
1612287303.2300675,1337,-2.122653007507324;;;;;
1612287304.2774827,1341,-1.9176772832870483;;;;;
1612287304.8609219,1343,-1.2756710052490234;;;;;
1612287306.1532266,1347,-2.3499016761779785;;;;;
1612287306.9149606,1350,-1.731507658958435;;;;;
1612287309.223934,1358,-2.219236373901367;;;;;
1612287311.1002007,1365,-1.8172050714492798;;;;;
1612287311.689624,1367,-1.6778221130371094;;;;;
1612287312.821648,1371,-1.7008798122406006;;;;;
1612287313.0131125,1372,-2.5202484130859375;;;;;
1612287313.6045318,1374,-1.7472739219665527;;;;;
1612287314.1949782,1376,-2.3440849781036377;;;;;
1612287314.7933557,1378,-1.3838448524475098;;;;;
1612287316.8369238,1385,-1.621277093887329;;;;;
1612287317.35887,1387,-3.571794271469116;;;;;
1612287320.576167,1398,-1.711385726928711;;;;;
1612287321.6891923,1402,-3.5797765254974365;;;;;
1612287322.289587,1404,-1.8881559371948242;;;;;
1612287322.8271823,1406,-3.560724973678589;;;;;
1612287323.4006174,1408,-1.5233681201934814;;;;;
1612287324.411915,1412,-3.371579647064209;;;;;
1612287326.0555332,1418,-1.087166666984558;;;;;
1612287326.6409552,1420,-2.18503737449646;;;;;
1612287328.2566597,1426,-3.2617430686950684;;;;;
1612287328.843092,1428,-1.3600070476531982;;;;;
1612287329.36769,1430,-3.6098244190216064;;;;;
1612287330.5445545,1434,-1.2409932613372803;;;;;
1612287331.673658,1438,-2.164212226867676;;;;;
1612287333.3842502,1444,-1.2792325019836426;;;;;
1612287335.0709302,1450,-3.748243808746338;;;;;
1612287336.8271782,1456,-1.6858391761779785;;;;;
1612287337.3076804,1458,-3.7356786727905273;;;;;
1612287337.8771973,1460,-2.309647798538208;;;;;
1612287339.056364,1464,-1.062522292137146;;;;;
1612287339.6367822,1466,-1.307281494140625;;;;;
1612287340.227435,1468,-2.4508142471313477;;;;;
1612287341.3892922,1472,-2.188950300216675;;;;;
1612287341.8979137,1474,-3.724824905395508;;;;;
1612287342.4835176,1476,-1.479163408279419;;;;;
1612287345.3007693,1486,-3.696589469909668;;;;;
1612287347.571952,1494,-2.290113925933838;;;;;
1612287348.1623907,1496,-1.5203087329864502;;;;;
1612287349.2686894,1500,-3.6207690238952637;;;;;
1612287350.4070683,1504,-3.7372772693634033;;;;;
1612287351.452275,1508,-3.7998571395874023;;;;;
1612287352.0234365,1510,-2.065187931060791;;;;;
1612287352.6088583,1512,-1.908984661102295;;;;;
1612287353.1952577,1514,-2.2080044746398926;;;;;
1612287353.6361103,1516,-3.254054307937622;;;;;
1612287354.322246,1518,-1.131699800491333;;;;;
1612287355.0932105,1521,-1.5677869319915771;;;;;
1612287356.178317,1525,-1.9386990070343018;;;;;
1612287357.2772021,1529,-3.625486373901367;;;;;
1612287358.8993762,1535,-1.9273550510406494;;;;;
1612287359.9964757,1539,-3.6916399002075195;;;;;
1612287360.586866,1541,-1.8227131366729736;;;;;
1612287361.0815678,1543,-1.87003493309021;;;;;
1612287363.4103193,1551,-2.213902473449707;;;;;
1612287364.5672576,1555,-1.764401912689209;;;;;
1612287365.1536841,1557,-1.3205889463424683;;;;;
1612287366.0143826,1560,-2.451791763305664;;;;;
1612287367.780637,1566,-1.4183202981948853;;;;;
1612287370.0465457,1574,-1.1898283958435059;;;;;
1612287371.8188052,1580,-1.823953628540039;;;;;
1612287373.5661626,1586,-1.354774832725525;;;;;
1612287374.016961,1588,-1.1542394161224365;;;;;
1612287375.1868024,1592,-1.446700096130371;;;;;
1612287376.202121,1596,-3.1787805557250977;;;;;
1612287377.2961643,1600,-3.595574378967285;;;;;
1612287379.7416685,1609,-3.0752997398376465;;;;;
1612287380.9155319,1613,-1.8837740421295166;;;;;
1612287381.4899955,1615,-2.070066452026367;;;;;
1612287382.0755155,1617,-2.2399587631225586;;;;;
1612287382.5262668,1619,-1.2165051698684692;;;;;
1612287384.2586708,1625,-3.5797996520996094;;;;;
1612287387.160948,1636,-2.306321859359741;;;;;
1612287388.2601888,1640,-1.8801612854003906;;;;;
1612287388.730927,1642,-1.938730239868164;;;;;
1612287389.3143613,1644,-1.5932648181915283;;;;;
1612287389.8997726,1646,-2.300081253051758;;;;;
1612287390.4802434,1648,-1.7261576652526855;;;;;
1612287392.8160112,1656,-1.7892160415649414;;;;;
1612287393.88713,1660,-2.2130608558654785;;;;;
1612287394.4765382,1662,-1.8939659595489502;;;;;
1612287396.7574418,1670,-1.7187796831130981;;;;;
1612287397.3394403,1672,-1.5080907344818115;;;;;
1612287397.925695,1674,-1.7578314542770386;;;;;
1612287398.4598677,1676,-3.7672290802001953;;;;;
1612287399.6506848,1680,-3.612440824508667;;;;;
1612287400.1934972,1682,-3.623539924621582;;;;;
1612287400.7699308,1684,-1.4512817859649658;;;;;
1612287401.304502,1686,-3.5965449810028076;;;;;
1612287402.3518224,1690,-1.5564851760864258;;;;;
1612287404.169962,1696,-1.834982991218567;;;;;
1612287405.3548193,1700,-2.2407326698303223;;;;;
1612287405.9561887,1702,-1.217125654220581;;;;;
1612287407.0497012,1706,-2.2363245487213135;;;;;
1612287407.627156,1708,-1.411376953125;;;;;
1612287409.4268386,1714,-2.2772672176361084;;;;;
1612287410.7792141,1719,-1.7254297733306885;;;;;
1612287411.367381,1721,-2.1767995357513428;;;;;
1612287415.476769,1735,-1.6256273984909058;;;;;
1612287416.0671735,1737,-1.8265655040740967;;;;;
1612287416.6635895,1739,-1.328843593597412;;;;;
1612287417.2450504,1741,-1.9639534950256348;;;;;
1612287417.8344505,1743,-1.7132362127304077;;;;;
1612287418.4308572,1745,-1.6261796951293945;;;;;
1612287418.7619722,1747,-3.306292772293091;;;;;
1612287419.9657536,1751,-1.9706389904022217;;;;;
1612287420.5900965,1753,-1.2124699354171753;;;;;
1612287421.1207516,1755,-3.770256996154785;;;;;
1612287422.824656,1761,-1.8755031824111938;;;;;
1612287423.3197534,1763,-1.7788965702056885;;;;;
1612287423.8983586,1765,-1.8401048183441162;;;;;
1612287424.4813554,1767,-1.651792287826538;;;;;
1612287425.629287,1771,-2.3061137199401855;;;;;
1612287429.1485243,1783,-1.807814121246338;;;;;
1612287429.5823646,1785,-3.2193808555603027;;;;;
1612287431.3416638,1791,-2.339216709136963;;;;;
1612287435.3326697,1805,-1.699065923690796;;;;;
1612287437.0111847,1811,-1.6859443187713623;;;;;
1612287441.224704,1825,-2.1796481609344482;;;;;
1612287441.8679838,1827,-1.312392234802246;;;;;
1612287442.5232632,1829,-1.323737382888794;;;;;
1612287443.7740824,1833,-1.2128047943115234;;;;;
1612287444.4133737,1835,-1.772750735282898;;;;;
1612287445.067041,1837,-2.355032444000244;;;;;
1612287447.0238104,1843,-1.2509169578552246;;;;;
1612287447.6670916,1845,-1.6979899406433105;;;;;
1612287448.9096482,1849,-1.935427188873291;;;;;
1612287450.0825343,1853,-3.158590793609619;;;;;
1612287450.7283263,1855,-1.1042532920837402;;;;;
1612287451.911354,1859,-3.5578107833862305;;;;;
1612287453.178859,1863,-1.6418315172195435;;;;;
1612287453.810989,1865,-1.7134090662002563;;;;;
1612287455.1006165,1869,-2.253152370452881;;;;;
1612287456.3111439,1873,-1.8852527141571045;;;;;
1612287456.895589,1875,-1.9414501190185547;;;;;
1612287457.4720423,1877,-1.244663953781128;;;;;
1612287458.0545225,1879,-2.0687801837921143;;;;;
1612287459.709095,1885,-1.883765459060669;;;;;
1612287460.294507,1887,-1.8643213510513306;;;;;
1612287460.880959,1889,-2.4094882011413574;;;;;
1612287463.018704,1895,-1.2268108129501343;;;;;
1612287463.6809332,1897,-1.427952766418457;;;;;
1612287468.439901,1913,-1.6898095607757568;;;;;
1612287470.2889588,1919,-1.3636271953582764;;;;;
1612287470.886386,1921,-2.1785848140716553;;;;;
1612287471.8687356,1925,-3.5213823318481445;;;;;
1612287473.0475848,1929,-2.3229641914367676;;;;;
1612287473.6460102,1931,-2.375369071960449;;;;;
1612287475.4693983,1937,-1.285233736038208;;;;;
1612287476.055832,1939,-1.4560731649398804;;;;;
1612287477.3134909,1943,-1.777484655380249;;;;;
1612287477.9248657,1945,-1.6968448162078857;;;;;
1612287478.5342112,1947,-2.101759433746338;;;;;
1612287479.1975195,1949,-1.4030888080596924;;;;;
1612287481.2530487,1955,-1.499136209487915;;;;;
1612287485.8886259,1971,-3.67434024810791;;;;;
1612287487.0884197,1975,-1.7874621152877808;;;;;
1612287488.4138815,1979,-2.0270745754241943;;;;;
1612287489.7862346,1983,-1.7042300701141357;;;;;
1612287490.424503,1985,-1.7586584091186523;;;;;
1612287491.0378938,1987,-1.2949491739273071;;;;;
1612287492.214746,1991,-1.739945888519287;;;;;
1612287493.393584,1995,-2.339850425720215;;;;;
1612287493.8433812,1997,-3.2144014835357666;;;;;
1612287494.4457607,1999,-2.1392974853515625;;;;;
1612287496.1812131,2005,-2.2364025115966797;;;;;
1612287496.767178,2007,-2.2654366493225098;;;;;
1612287497.3486228,2009,-1.8381669521331787;;;;;
1612287500.292963,2019,-1.7538173198699951;;;;;
1612287501.3372033,2023,-3.233797550201416;;;;;
1612287501.9206157,2025,-1.8133530616760254;;;;;
1612287503.6088495,2031,-1.2801669836044312;;;;;
1612287504.7238374,2035,-2.279062509536743;;;;;
1612287508.197595,2047,-1.3421921730041504;;;;;
1612287508.7880063,2049,-1.7694833278656006;;;;;
1612287509.95788,2053,-1.189040184020996;;;;;
1612287511.0649207,2057,-1.934464931488037;;;;;
1612287513.3627455,2065,-1.3557934761047363;;;;;
1612287514.5495734,2069,-2.3216552734375;;;;;
1612287515.733078,2073,-2.153463363647461;;;;;
1612287516.9030912,2077,-2.2881388664245605;;;;;
1612287518.0670118,2081,-1.9208900928497314;;;;;
1612287519.2438347,2085,-2.372673988342285;;;;;
1612287519.8482428,2087,-1.1975347995758057;;;;;
1612287520.430704,2089,-2.366102933883667;;;;;
1612287521.003146,2091,-1.8231159448623657;;;;;
1612287521.588581,2093,-1.8816391229629517;;;;;
1612287525.0072489,2105,-2.385654926300049;;;;;
1612287525.5237298,2107,-3.6186842918395996;;;;;
1612287528.922182,2119,-2.252744674682617;;;;;
1612287530.0977087,2123,-1.7393479347229004;;;;;
1612287531.2645893,2127,-1.7460293769836426;;;;;
1612287531.860043,2129,-2.3658437728881836;;;;;
1612287532.4534566,2131,-1.3917503356933594;;;;;
1612287537.4026003,2149,-1.3251464366912842;;;;;
1612287538.5724597,2153,-1.373030424118042;;;;;
1612287540.277301,2159,-2.388427734375;;;;;
1612287542.0206642,2165,-1.3557801246643066;;;;;
1612287542.4883907,2167,-3.615232467651367;;;;;
1612287543.5129461,2171,-1.7085915803909302;;;;;
1612287544.107595,2173,-1.4287471771240234;;;;;
1612287544.7050164,2175,-1.320866346359253;;;;;
1612287546.4595222,2181,-2.2165589332580566;;;;;
1612287546.962175,2183,-3.535471200942993;;;;;
1612287548.124077,2187,-1.7942557334899902;;;;;
1612287548.7105017,2189,-1.8902571201324463;;;;;
1612287549.2908726,2191,-2.231616497039795;;;;;
1612287551.0432122,2197,-1.3255021572113037;;;;;
1612287551.6276257,2199,-1.8936731815338135;;;;;
1612287552.78755,2203,-1.7536182403564453;;;;;
1612287557.3962762,2219,-2.3679885864257812;;;;;
1612287557.9827127,2221,-1.4601080417633057;;;;;
1612287558.565137,2223,-2.1775145530700684;;;;;
1612287559.148596,2225,-1.8311207294464111;;;;;
1612287560.8988955,2231,-1.961126685142517;;;;;
1612287561.3307316,2233,-3.2768373489379883;;;;;
1612287561.9191587,2235,-1.2730486392974854;;;;;
1612287563.6176195,2241,-3.3935787677764893;;;;;
1612287563.799134,2242,-2.4683949947357178;;;;;
1612287564.2499285,2244,-2.0737180709838867;;;;;
1612287565.9713302,2250,-1.1911766529083252;;;;;
1612287572.8330112,2274,-1.8213577270507812;;;;;
1612287574.623226,2280,-2.334181070327759;;;;;
1612287575.8359601,2284,-1.793168544769287;;;;;
1612287576.2837636,2286,-3.2039942741394043;;;;;
1612287577.4636095,2290,-1.2429587841033936;;;;;
1612287578.0560594,2292,-2.2014522552490234;;;;;
1612287579.8123567,2298,-1.8676791191101074;;;;;
1612287581.50151,2304,-1.6955277919769287;;;;;
1612287582.0942767,2306,-1.8468642234802246;;;;;
1612287582.6238582,2308,-3.711132049560547;;;;;
1612287583.2103245,2310,-1.9147486686706543;;;;;
1612287583.794753,2312,-1.304539442062378;;;;;
1612287584.3831563,2314,-1.8519659042358398;;;;;
1612287584.9716165,2316,-1.2920253276824951;;;;;
1612287585.5620306,2318,-2.4352777004241943;;;;;
1612287586.6411202,2322,-1.4606339931488037;;;;;
1612287587.8199692,2326,-1.885770320892334;;;;;
1612287588.4203637,2328,-1.7548797130584717;;;;;
1612287589.5842788,2332,-1.8581241369247437;;;;;
1612287590.7601485,2336,-1.6182183027267456;;;;;
1612287591.9459734,2340,-2.3102974891662598;;;;;
1612287592.5473344,2342,-1.8032217025756836;;;;;
1612287593.154745,2344,-1.7894492149353027;;;;;
1612287593.6174734,2346,-4.073787212371826;;;;;
1612287594.2029154,2348,-1.4109301567077637;;;;;
1612287594.798318,2350,-1.9106817245483398;;;;;
1612287600.0911674,2368,-1.332634449005127;;;;;
1612287600.6845832,2370,-1.8099910020828247;;;;;
1612287601.5911777,2374,-3.5232319831848145;;;;;
1612287602.1855702,2376,-1.735804796218872;;;;;
1612287604.416607,2384,-3.5923337936401367;;;;;
1612287605.0060384,2386,-1.945650339126587;;;;;
1612287605.5944912,2388,-1.4857776165008545;;;;;
1612287606.7743416,2392,-1.733546257019043;;;;;
1612287608.543612,2398,-1.5730652809143066;;;;;
1612287610.254035,2404,-2.4167981147766113;;;;;
1612287611.3760047,2408,-3.618955612182617;;;;;
1612287612.565849,2412,-1.3161892890930176;;;;;
1612287613.1542518,2414,-1.7103586196899414;;;;;
1612287614.3221297,2418,-1.4004766941070557;;;;;
1612287614.9185362,2420,-2.203181028366089;;;;;
1612287616.6309586,2426,-3.754289150238037;;;;;
1612287617.2204144,2428,-2.3874740600585938;;;;;
1612287617.8088107,2430,-1.4069225788116455;;;;;
1612287618.8421037,2434,-1.8666749000549316;;;;;
1612287619.4195042,2436,-1.7133984565734863;;;;;
1612287620.005953,2438,-1.366382122039795;;;;;
1612287621.1778054,2442,-1.8130595684051514;;;;;
1612287621.7642403,2444,-1.8610491752624512;;;;;
1612287622.3596938,2446,-1.9333319664001465;;;;;
1612287622.8882513,2448,-3.764277935028076;;;;;
1612287623.4786558,2450,-1.2460780143737793;;;;;
1612287624.0661225,2452,-2.3541791439056396;;;;;
1612287626.9852805,2462,-1.8466322422027588;;;;;
1612287627.5737097,2464,-1.867838740348816;;;;;
1612287628.7575452,2468,-1.4612020254135132;;;;;
1612287631.084363,2476,-1.4053208827972412;;;;;
1612287631.6731858,2478,-1.9351215362548828;;;;;
1612287632.859016,2482,-1.3297703266143799;;;;;
1612287635.112991,2490,-3.8793439865112305;;;;;
1612287636.272135,2494,-1.8038063049316406;;;;;
1612287637.4526854,2498,-1.3638054132461548;;;;;
1612287638.6275203,2502,-2.4238784313201904;;;;;
1612287639.2069569,2504,-1.8592402935028076;;;;;
1612287639.736542,2506,-3.542236566543579;;;;;
1612287640.3190167,2508,-1.7539405822753906;;;;;
1612287641.4878604,2512,-1.3624162673950195;;;;;
1612287643.24419,2518,-1.8571397066116333;;;;;
1612287643.8305984,2520,-2.328763484954834;;;;;
1612287645.0134497,2524,-2.4653754234313965;;;;;
1612287645.6008656,2526,-1.7599587440490723;;;;;
1612287646.132448,2528,-3.732661247253418;;;;;
1612287647.3083034,2532,-1.7328108549118042;;;;;
1612287649.565277,2540,-1.7476837635040283;;;;;
1612287650.7351537,2544,-1.4216043949127197;;;;;
1612287651.3185833,2546,-1.3027704954147339;;;;;
1612287652.500449,2550,-2.493065118789673;;;;;
1612287653.0908456,2552,-2.293501377105713;;;;;
1612287654.856128,2558,-1.4709804058074951;;;;;
1612287655.2989545,2560,-3.7249350547790527;;;;;
1612287658.2012167,2570,-2.3472766876220703;;;;;
1612287658.7916389,2572,-1.727132797241211;;;;;
1612287659.3770678,2574,-2.169684886932373;;;;;
1612287660.8900087,2580,-2.2421412467956543;;;;;
1612287662.0788205,2584,-1.6671350002288818;;;;;
1612287662.6652532,2586,-2.2711358070373535;;;;;
1612287663.2516887,2588,-1.7067888975143433;;;;;
1612287663.8490884,2590,-1.9162027835845947;;;;;
1612287664.4375172,2592,-1.7555099725723267;;;;;
1612287665.038233,2594,-2.292084217071533;;;;;
1612287666.754644,2600,-1.7186845541000366;;;;;
1612287668.5300496,2606,-1.2595798969268799;;;;;
1612287669.72734,2610,-1.8623907566070557;;;;;
1612287671.4995885,2616,-1.2925646305084229;;;;;
1612287672.0776985,2618,-1.3824403285980225;;;;;
1612287672.6072953,2620,-3.520720958709717;;;;;
1612287673.2057,2622,-1.9264142513275146;;;;;
1612287675.5362883,2630,-1.3493235111236572;;;;;
1612287677.9189196,2638,-2.2781574726104736;;;;;
1612287679.0907872,2642,-1.4285454750061035;;;;;
1612287679.6685872,2644,-1.2650690078735352;;;;;
1612287681.995367,2652,-1.4188458919525146;;;;;
1612287682.5888872,2654,-2.2824623584747314;;;;;
1612287684.4293048,2660,-1.8572380542755127;;;;;
1612287686.1851647,2666,-1.857715368270874;;;;;
1612287687.366981,2670,-1.7428221702575684;;;;;
1612287688.5239127,2674,-1.6963671445846558;;;;;
1612287689.113313,2676,-1.190727710723877;;;;;
1612287689.7097306,2678,-1.2512003183364868;;;;;
1612287691.3263974,2684,-2.2768101692199707;;;;;
1612287692.5012574,2688,-2.288184642791748;;;;;
1612287693.0897214,2690,-1.2663114070892334;;;;;
1612287694.2640953,2694,-1.8458337783813477;;;;;
1612287694.8365648,2696,-1.7308578491210938;;;;;
1612287695.4349747,2698,-2.43874454498291;;;;;
1612287696.6166065,2702,-1.8191823959350586;;;;;
1612287697.2090526,2704,-1.403896450996399;;;;;
1612287698.9653406,2710,-1.2872939109802246;;;;;
1612287701.8406432,2720,-3.8295321464538574;;;;;
1612287708.7321453,2744,-3.618715763092041;;;;;
1612287709.3056378,2746,-1.788973331451416;;;;;
1612287709.8980386,2748,-1.8547452688217163;;;;;
1612287710.4994004,2750,-2.375101327896118;;;;;
1612287712.8292077,2758,-1.7206013202667236;;;;;
1612287714.599113,2764,-2.2664358615875244;;;;;
1612287715.182528,2766,-2.223159074783325;;;;;
1612287716.3434255,2770,-2.339308738708496;;;;;
1612287716.9288604,2772,-1.9350709915161133;;;;;
1612287717.5242963,2774,-2.322801113128662;;;;;
1612287718.1087074,2776,-1.2571762800216675;;;;;
1612287720.3995988,2784,-1.6278432607650757;;;;;
1612287720.9810305,2786,-2.3180627822875977;;;;;
1612287721.571267,2788,-1.8913980722427368;;;;;
1612287722.7231872,2792,-2.312443971633911;;;;;
1612287723.29466,2794,-1.7470228672027588;;;;;
1612287723.944922,2796,-2.291973114013672;;;;;
1612287725.0888643,2800,-2.44281005859375;;;;;
1612287726.2802088,2804,-2.3150665760040283;;;;;
1612287729.7748451,2816,-2.4533674716949463;;;;;
1612287730.961647,2820,-1.795318841934204;;;;;
1612287733.9287474,2830,-1.71327805519104;;;;;
1612287734.5610278,2832,-1.7899436950683594;;;;;
1612287740.0917165,2850,-1.8024604320526123;;;;;
1612287740.6811283,2852,-1.9447407722473145;;;;;
1612287743.047809,2860,-1.3788800239562988;;;;;
1612287745.5471115,2868,-1.1775591373443604;;;;;
1612287747.3144104,2874,-2.3410024642944336;;;;;
1612287749.0736847,2880,-1.9084136486053467;;;;;
1612287749.6601322,2882,-1.2994850873947144;;;;;
1612287750.2485433,2884,-1.2821919918060303;;;;;
1612287752.0287957,2890,-1.8428022861480713;;;;;
1612287752.6172428,2892,-2.3363289833068848;;;;;
1612287754.3821595,2898,-2.391920328140259;;;;;
1612287755.5715804,2902,-1.219327449798584;;;;;
1612287756.1440501,2904,-1.799407720565796;;;;;
1612287756.7284884,2906,-1.9263969659805298;;;;;
1612287760.8738143,2920,-1.8960645198822021;;;;;
1612287761.460249,2922,-1.777289867401123;;;;;
1612287762.0636346,2924,-2.3495285511016846;;;;;
1612287762.6481192,2926,-1.415374755859375;;;;;
1612287763.8289464,2930,-2.3219399452209473;;;;;
1612287764.4034038,2932,-1.7571202516555786;;;;;
1612287764.9848254,2934,-1.9282182455062866;;;;;
1612287765.5702677,2936,-1.8827166557312012;;;;;
1612287766.1487153,2938,-2.303915023803711;;;;;
1612287766.729162,2940,-1.995664119720459;;;;;
1612287767.3136163,2942,-1.8752985000610352;;;;;
1612287767.906035,2944,-2.416384696960449;;;;;
1612287768.4914525,2946,-1.4754241704940796;;;;;
1612287770.256302,2952,-1.3231866359710693;;;;;
1612287771.4341211,2956,-1.2354519367218018;;;;;
1612287774.353742,2966,-1.4129128456115723;;;;;
1612287774.938944,2968,-1.3833928108215332;;;;;
1612287775.451567,2970,-3.4889047145843506;;;;;
1612287776.6214397,2974,-1.7758152484893799;;;;;
1612287780.331172,2988,-1.693544864654541;;;;;
1612287781.5196788,2992,-1.2917118072509766;;;;;
1612287784.47972,3002,-2.3372433185577393;;;;;
1612287785.0741248,3004,-1.271911382675171;;;;;
1612287787.4417737,3012,-1.434356451034546;;;;;
1612287788.6116433,3016,-1.9136414527893066;;;;;
1612287789.2040942,3018,-1.83379328250885;;;;;
1612287790.3893654,3022,-2.3929426670074463;;;;;
1612287790.9867516,3024,-2.4139909744262695;;;;;
1612287792.1506252,3028,-2.2626729011535645;;;;;
1612287792.7410765,3030,-1.302258014678955;;;;;
1612287796.2606714,3042,-3.6699137687683105;;;;;
1612287796.848079,3044,-1.8488245010375977;;;;;
1612287797.4265554,3046,-1.8766193389892578;;;;;
1612287800.349799,3056,-1.3645377159118652;;;;;
1612287800.9372182,3058,-2.2906389236450195;;;;;
1612287806.1772122,3076,-1.446019172668457;;;;;
1612287806.748695,3078,-1.782667875289917;;;;;
1612287808.5139413,3084,-1.7767966985702515;;;;;
1612287809.6798244,3088,-2.315737009048462;;;;;
1612287810.8108342,3092,-3.6167359352111816;;;;;
1612287811.9916553,3096,-1.4715263843536377;;;;;
1612287813.1525571,3100,-1.9477667808532715;;;;;
1612287814.9068542,3106,-1.7166517972946167;;;;;
1612287815.5012655,3108,-2.3028039932250977;;;;;
1612287816.6821685,3112,-1.2669892311096191;;;;;
1612287817.2676344,3114,-2.4198055267333984;;;;;
1612287818.4454646,3118,-1.9748737812042236;;;;;
1612287819.6213164,3122,-2.201443672180176;;;;;
1612287820.1449115,3124,-3.7051520347595215;;;;;
1612287821.3267531,3128,-1.4925544261932373;;;;;
1612287821.9111907,3130,-2.222738742828369;;;;;
1612287824.265896,3138,-1.1843931674957275;;;;;
1612287824.8433793,3140,-1.8271682262420654;;;;;
1612287826.0042837,3144,-1.746755838394165;;;;;
1612287826.5907137,3146,-1.243106484413147;;;;;
1612287827.1761177,3148,-1.9402036666870117;;;;;
1612287827.7705286,3150,-2.408458709716797;;;;;
1612287829.6049757,3156,-1.4814236164093018;;;;;
1612287829.7884889,3157,-2.5405631065368652;;;;;
1612287830.3909066,3159,-2.2072365283966064;;;;;
1612287832.6737483,3167,-2.3289387226104736;;;;;
1612287833.8246467,3171,-2.181102752685547;;;;;
1612287834.4160655,3173,-1.483833909034729;;;;;
1612287834.9845562,3175,-1.820491075515747;;;;;
1612287836.1604073,3179,-1.8272241353988647;;;;;
1612287837.313322,3183,-1.307279348373413;;;;;
1612287838.4852428,3187,-1.4759466648101807;;;;;
1612287839.6532216,3191,-2.3371548652648926;;;;;
1612287840.2546391,3193,-1.4021291732788086;;;;;
1612287840.8350642,3195,-1.929581642150879;;;;;
1612287842.0089371,3199,-1.858145833015442;;;;;
1612287842.603347,3201,-1.202487826347351;;;;;
1612287843.2017367,3203,-1.3106310367584229;;;;;
1612287843.797147,3205,-1.3117601871490479;;;;;
1612287844.3756182,3207,-1.7348387241363525;;;;;
1612287844.9660208,3209,-1.8691205978393555;;;;;
1612287846.1358957,3213,-2.2841262817382812;;;;;
1612287846.7143722,3215,-1.8720040321350098;;;;;
1612287848.5125418,3221,-2.347567558288574;;;;;
1612287849.1179223,3223,-2.3235435485839844;;;;;
1612287850.2797928,3227,-2.2845306396484375;;;;;
1612287850.8562512,3229,-1.886253833770752;;;;;
1612287852.6215916,3235,-1.382378101348877;;;;;
1612287853.2070117,3237,-1.306156039237976;;;;;
1612287853.791457,3239,-2.403808116912842;;;;;
1612287854.3708832,3241,-1.9472335577011108;;;;;
1612287856.120209,3247,-1.8073737621307373;;;;;
1612287858.4629805,3255,-1.7122595310211182;;;;;
1612287859.6328378,3259,-1.8384169340133667;;;;;
1612287860.2142644,3261,-2.291990041732788;;;;;
1612287860.7977378,3263,-1.8378348350524902;;;;;
1612287862.5510185,3269,-1.4482332468032837;;;;;
1612287863.1344833,3271,-2.4479355812072754;;;;;
1612287864.2846563,3275,-2.3156328201293945;;;;;
1612287866.621837,3283,-1.7900185585021973;;;;;
1612287867.2052457,3285,-2.3120479583740234;;;;;
1612287867.8026502,3287,-1.5055485963821411;;;;;
1612287868.3791082,3289,-1.8677978515625;;;;;
1612287869.5599794,3293,-1.2745051383972168;;;;;
1612287871.9336085,3301,-1.730071783065796;;;;;
1612287872.4502578,3303,-3.555105686187744;;;;;
1612287873.6450331,3307,-1.3859783411026;;;;;
1612287874.2324939,3309,-2.236715316772461;;;;;
1612287874.8198926,3311,-1.9568414688110352;;;;;
1612287875.396384,3313,-1.3449920415878296;;;;;
1612287876.4944506,3317,-4.035667419433594;;;;;
1612287878.308568,3323,-2.1840171813964844;;;;;
1612287878.964862,3325,-2.2798478603363037;;;;;
1612287879.5392957,3327,-2.4092111587524414;;;;;
1612287880.1346862,3329,-2.3972201347351074;;;;;
1612287880.7360811,3331,-1.9604309797286987;;;;;
1612287882.5881317,3337,-2.384761333465576;;;;;
1612287883.2523546,3339,-2.3895492553710938;;;;;
1612287886.4670928,3349,-1.1990793943405151;;;;;
1612287887.7426517,3353,-1.2763068675994873;;;;;
1612287888.3999488,3355,-1.812532901763916;;;;;
1612287889.1368668,3357,-2.2755534648895264;;;;;
1612287892.0432413,3365,-2.450873374938965;;;;;
1612287894.3458533,3371,-1.8945376873016357;;;;;
1612287895.6717615,3375,-1.4368298053741455;;;;;
1612287897.5278015,3381,-1.4631375074386597;;;;;
1612287898.1730762,3383,-1.97244393825531;;;;;
1612287898.8407986,3385,-1.8213825225830078;;;;;
1612287899.464153,3387,-2.3070549964904785;;;;;
1612287900.076505,3389,-1.4082043170928955;;;;;
1612287901.2952306,3393,-1.8342357873916626;;;;;
1612287902.5069916,3397,-1.8900573253631592;;;;;
1612287904.4089506,3403,-2.328441858291626;;;;;
1612287905.020318,3405,-1.83302640914917;;;;;
1612287906.2675211,3409,-2.3812379837036133;;;;;
1612287906.9364157,3411,-2.3072078227996826;;;;;
1612287907.6203444,3413,-1.3685582876205444;;;;;
1612287909.5546944,3419,-1.1670472621917725;;;;;
1612287910.777439,3423,-2.139885425567627;;;;;
1612287911.3688464,3425,-2.4238390922546387;;;;;
1612287911.950291,3427,-1.7819771766662598;;;;;
1612287912.527748,3429,-1.86232328414917;;;;;
1612287916.6811113,3443,-1.1818017959594727;;;;;
1612287917.341355,3445,-1.869506597518921;;;;;
1612287919.8217688,3451,-1.973078966140747;;;;;
1612287923.4371579,3461,-1.313703179359436;;;;;
1612287926.1102946,3469,-2.235161304473877;;;;;
1612287927.4420626,3473,-1.2424547672271729;;;;;
1612287930.0677795,3481,-1.4356164932250977;;;;;
1612287930.717923,3483,-1.8699839115142822;;;;;
1612287932.043388,3487,-1.2872047424316406;;;;;
1612287934.5526109,3495,-1.9090311527252197;;;;;
1612287935.2099361,3497,-1.7664694786071777;;;;;
1612287935.8653893,3499,-2.228545665740967;;;;;
1612287937.20328,3503,-1.3802824020385742;;;;;
1612287937.9046445,3505,-1.3307554721832275;;;;;
1612287938.569341,3507,-1.7650556564331055;;;;;
1612287941.1958945,3515,-1.9293451309204102;;;;;
1612287942.5199552,3519,-1.7575325965881348;;;;;
1612287943.8270004,3523,-1.2439515590667725;;;;;
1612287945.1398277,3527,-1.8724603652954102;;;;;
1612287945.7886395,3529,-2.0360987186431885;;;;;
1612287946.7810328,3533,-3.398888111114502;;;;;
1612287949.4242363,3541,-2.3461179733276367;;;;;
1612287950.8597999,3545,-2.3634917736053467;;;;;
1612287951.5220473,3547,-1.3110382556915283;;;;;
1612287953.6810265,3553,-1.3907105922698975;;;;;
1612287955.8051233,3559,-1.874480962753296;;;;;
1612287958.107615,3566,-2.3679451942443848;;;;;
1612287959.5641649,3570,-1.2341182231903076;;;;;
1612287960.2656426,3572,-1.79949152469635;;;;;
1612287962.374145,3578,-3.6175284385681152;;;;;
1612287965.0767841,3586,-2.331918239593506;;;;;
1612287965.7493114,3588,-1.270838737487793;;;;;
1612287966.4059691,3590,-1.3429417610168457;;;;;
1612287969.094506,3598,-1.4215342998504639;;;;;
1612287969.7861805,3600,-1.9482845067977905;;;;;
1612287970.4706101,3602,-2.21189546585083;;;;;
1612287971.8086536,3606,-1.744228720664978;;;;;
1612287972.4684806,3608,-2.3027946949005127;;;;;
1612287973.116766,3610,-1.8051643371582031;;;;;
1612287974.4507396,3614,-1.4770278930664062;;;;;
1612287975.1055298,3616,-1.753678560256958;;;;;
1612287977.0711727,3622,-2.3820133209228516;;;;;
1612287977.7268107,3624,-1.8444225788116455;;;;;
1612287979.053568,3628,-1.5115891695022583;;;;;
1612287980.381305,3632,-1.3451006412506104;;;;;
1612287981.0331182,3634,-1.7852563858032227;;;;;
1612287981.6919088,3636,-1.7438724040985107;;;;;
1612287986.3532054,3650,-2.371915340423584;;;;;
1612287987.023491,3652,-1.287536859512329;;;;;
1612287987.681421,3654,-1.3209412097930908;;;;;
1612287988.3436446,3656,-2.503370523452759;;;;;
1612287992.2902238,3668,-1.8660619258880615;;;;;
1612287992.9592755,3670,-1.329927921295166;;;;;
1612287993.6165178,3672,-2.285580635070801;;;;;
1612287994.2685928,3674,-1.377461314201355;;;;;
1612287994.9341757,3676,-2.284677028656006;;;;;
1612287996.2632918,3680,-2.2335562705993652;;;;;
1612287998.2080576,3686,-3.707970380783081;;;;;
1612288000.2028415,3692,-2.323568820953369;;;;;
1612288002.8483546,3700,-2.361734390258789;;;;;
1612288003.5171173,3702,-1.9401094913482666;;;;;
1612288004.195338,3704,-1.7350435256958008;;;;;
1612288004.916118,3706,-1.30828857421875;;;;;
1612288007.5368943,3714,-1.3254640102386475;;;;;
1612288010.1650283,3722,-2.2398033142089844;;;;;
1612288012.1455393,3728,-1.9708747863769531;;;;;
1612288012.819843,3730,-1.2641183137893677;;;;;
1612288014.8485808,3736,-1.882997989654541;;;;;
1612288015.4938765,3738,-1.845579743385315;;;;;
1612288016.1544235,3740,-1.763608455657959;;;;;
1612288016.8023014,3742,-1.7924368381500244;;;;;
1612288017.4715989,3744,-1.2668864727020264;;;;;
1612288019.3885324,3750,-1.917215347290039;;;;;
1612288020.028309,3752,-3.801687002182007;;;;;
1612288020.732396,3754,-2.2766213417053223;;;;;
1612288021.4025865,3756,-2.419799327850342;;;;;
1612288024.120956,3764,-2.214731216430664;;;;;
1612288024.790112,3766,-1.904615879058838;;;;;
1612288025.453338,3768,-1.9009571075439453;;;;;
1612288027.5880067,3774,-2.2815303802490234;;;;;
1612288028.987591,3778,-1.3214874267578125;;;;;
1612288029.6849492,3780,-1.7809052467346191;;;;;
1612288030.333753,3782,-1.7883281707763672;;;;;
1612288031.5921183,3786,-2.3780884742736816;;;;;
1612288032.2380302,3788,-1.9276742935180664;;;;;
1612288032.9022884,3790,-2.4299256801605225;;;;;
1612288034.2891185,3794,-1.7288446426391602;;;;;
1612288035.035858,3796,-1.3593318462371826;;;;;
1612288038.5037138,3806,-1.9115105867385864;;;;;
1612288039.868719,3810,-1.8953182697296143;;;;;
1612288040.5394187,3812,-1.8407974243164062;;;;;
1612288041.9104245,3816,-1.7846882343292236;;;;;
1612288043.956509,3822,-1.8892269134521484;;;;;
1612288045.344914,3826,-2.2343826293945312;;;;;
1612288046.0137293,3828,-2.2911949157714844;;;;;
1612288046.7065556,3830,-2.274005889892578;;;;;
1612288048.0996535,3834,-1.7455236911773682;;;;;
1612288049.5364323,3838,-2.4059512615203857;;;;;
1612288050.230303,3840,-1.2987879514694214;;;;;
1612288050.9434862,3842,-2.282919406890869;;;;;
1612288053.8870337,3850,-1.3593635559082031;;;;;
1612288054.5828815,3852,-1.9635299444198608;;;;;
1612288055.9525886,3856,-1.885014533996582;;;;;
1612288057.3398185,3860,-2.3118300437927246;;;;;
1612288060.7623854,3870,-2.251248836517334;;;;;
1612288063.5549192,3878,-1.9186556339263916;;;;;
1612288064.2564557,3880,-2.4040660858154297;;;;;
1612288064.9338217,3882,-1.647283673286438;;;;;
1612288065.6389742,3884,-2.281435966491699;;;;;
1612288073.8890245,3908,-1.91572105884552;;;;;
1612288075.181292,3912,-3.6782479286193848;;;;;
1612288076.5057251,3916,-1.8799223899841309;;;;;
1612288077.8352633,3920,-1.455063819885254;;;;String;Float
1612288078.5093017,3922,-2.3973734378814697;;;;-2.3973734378814697;-2.397373438
1612288079.1813464,3924,-2.336216926574707;;;;-2.336216926574707;-2.336216927
1612288079.8506613,3926,-2.4857053756713867;;;;-2.4857053756713867;-2.485705376
1612288080.5837262,3928,-1.221673607826233;;;;-1.221673607826233;-1.221673608
1612288081.2644272,3930,-2.453894853591919;;;;-2.453894853591919;-2.453894854
1612288081.9203174,3932,-2.1858367919921875;;;;-2.1858367919921875;-2.185836792
1612288082.5824172,3934,-2.196690559387207;;;;-2.196690559387207;-2.196690559
1612288083.2556195,3936,-2.2495241165161133;;;;-2.2495241165161133;-2.249524117
1612288083.9391432,3938,-1.9355251789093018;;;;-1.9355251789093018;-1.935525179
1612288084.6756802,3940,-2.418123960494995;;;;-2.418123960494995;-2.41812396
1612288086.0080712,3944,-2.317379951477051;;;;-2.317379951477051;-2.317379951
1612288086.700887,3946,-2.3702919483184814;;;;-2.3702919483184814;-2.370291948
1612288087.407281,3948,-2.207707405090332;;;;-2.207707405090332;-2.207707405
1612288088.8171363,3952,-2.4469337463378906;;;;-2.4469337463378906;-2.446933746
1612288090.188298,3956,-2.4758071899414062;;;;-2.4758071899414062;-2.47580719
1612288092.2689419,3962,-1.2625371217727661;;;;-1.2625371217727661;-1.262537122
1612288094.2405312,3968,-1.3807066679000854;;;;-1.3807066679000854;-1.380706668
1612288095.5511515,3972,-1.860694408416748;;;;-1.860694408416748;-1.860694408
1612288096.2076612,3974,-2.5027987957000732;;;;-2.5027987957000732;-2.502798796
1612288097.5793204,3978,-1.5129039287567139;;;;-1.5129039287567139;-1.512903929
1612288099.6391914,3984,-2.318906784057617;;;;-2.318906784057617;-2.318906784
1612288101.017717,3988,-1.889449119567871;;;;-1.889449119567871;-1.88944912
1612288101.6891327,3990,-1.3012757301330566;;;;-1.3012757301330566;-1.30127573
1612288102.9986565,3994,-1.8959410190582275;;;;-1.8959410190582275;-1.895941019
1612288104.310143,3998,-1.7611708641052246;;;;-1.7611708641052246;-1.761170864
1612288104.9597542,4000,-1.7735145092010498;;;;-1.7735145092010498;-1.773514509
1612288105.6150024,4002,-1.977586269378662;;;;-1.977586269378662;-1.977586269
1612288106.9484532,4006,-1.3305811882019043;;;;-1.3305811882019043;-1.330581188
1612288107.6276355,4008,-2.3210248947143555;;;;-2.3210248947143555;-2.321024895
1612288109.6872036,4014,-1.957769751548767;;;;-1.957769751548767;-1.957769752
1612288111.078743,4018,-1.477482557296753;;;;-1.477482557296753;-1.477482557
1612288111.7728987,4020,-2.3739051818847656;;;;-2.3739051818847656;-2.373905182
1612288117.109379,4036,-1.3439502716064453;;;;-1.3439502716064453;-1.343950272
1612288117.776008,4038,-1.414290428161621;;;;-1.414290428161621;-1.414290428
1612288119.1133852,4042,-1.4747004508972168;;;;-1.4747004508972168;-1.474700451
1612288119.7885811,4044,-1.3112924098968506;;;;-1.3112924098968506;-1.31129241
1612288122.3937504,4052,-2.1389195919036865;;;;-2.1389195919036865;-2.138919592
1612288125.6732628,4062,-1.8460512161254883;;;;-1.8460512161254883;-1.846051216
1612288126.3385434,4064,-1.7244491577148438;;;;-1.7244491577148438;-1.724449158
1612288126.9950197,4066,-1.8124300241470337;;;;-1.8124300241470337;-1.812430024
1612288127.6761727,4068,-1.4008923768997192;;;;-1.4008923768997192;-1.400892377
1612288128.3234367,4070,-1.9295259714126587;;;;-1.9295259714126587;-1.929525971
1612288128.986422,4072,-2.242534637451172;;;;-2.242534637451172;-2.242534637
1612288130.3092306,4076,-2.3225317001342773;;;;-2.3225317001342773;-2.3225317
1612288131.6163268,4080,-1.8950955867767334;;;;-1.8950955867767334;-1.895095587
1612288133.622698,4086,-2.1316092014312744;;;;-2.1316092014312744;-2.131609201
1612288134.2937016,4088,-1.847846269607544;;;;-1.847846269607544;-1.84784627
1612288136.2935624,4094,-1.84419584274292;;;;-1.84419584274292;-1.844195843
1612288136.9518864,4096,-2.493062973022461;;;;-2.493062973022461;-2.493062973
1612288140.3000646,4106,-1.839569091796875;;;;-1.839569091796875;-1.839569092
1612288141.6101172,4110,-1.8518688678741455;;;;-1.8518688678741455;-1.851868868
1612288144.2879436,4118,-1.267585039138794;;;;-1.267585039138794;-1.267585039
;;;;;
;;;;;
;;;;Average:;-1.937102595
